Date,Close,High,Low,Open,Volume,SMA_short,SMA_long,Signal,Return,Strategy_Return
2023-03-17,153.25149536132812,154.9718724178721,152.53961624045886,154.31931404263202,98944600,150.69991302490234,143.03969985961913,1,0.0037934003529047633,0.0
2023-02-15,153.5777587890625,153.74583924665023,151.15539970893886,151.38280090606835,65573800,150.94017028808594,143.64282989501953,1,0.002128941234570858,0.002128941234570858
2023-03-16,154.09194946289062,154.69506899796588,149.9294334770987,150.44357187257182,76161100,151.20020599365233,144.25525680541992,1,0.003348080333262171,0.003348080333262171
2023-03-20,155.6244354248047,156.03971087014546,152.4110972116962,153.3207323821306,73641400,151.53686141967773,144.87286300659179,1,0.009945269478748076,0.009945269478748076
2023-03-28,155.87159729003906,156.70213299816345,154.22043780927265,156.1879947191645,45992200,151.88340606689454,145.4310467529297,1,0.0015881944539088977,0.0015881944539088977
2023-03-22,156.04959106445312,160.31096943804832,156.029812451383,157.50300984854792,75701800,152.2205612182617,145.9823257446289,1,0.0011419256459075378,0.0011419256459075378
2023-03-27,156.4945068359375,158.9564235953307,156.08912825748425,158.13578467553296,52390300,152.57897186279297,146.53105102539064,1,0.002851117830232619,0.002851117830232619
2023-03-23,157.13717651367188,159.7276317574304,155.90127718884906,157.03831361968307,67622100,152.94634552001952,147.03971527099608,1,0.00410665965680268,0.00410665965680268
2023-03-21,157.48321533203125,157.60185682514813,154.7741189081368,155.54533387337614,73938300,153.32601318359374,147.553720703125,1,0.002202144814083873,0.002202144814083873
2023-04-12,158.29396057128906,160.2318418847326,157.97756316447288,159.40132132182822,50133100,153.7418472290039,148.05886596679687,1,0.005148137454194623,0.005148137454194623
2023-03-24,158.4423065185547,158.53128765648677,156.069385653722,157.06798695939537,59196500,154.12250442504882,148.55809326171874,1,0.0009371548145629127,0.0009371548145629127
2023-03-29,158.9564208984375,159.23326112130354,157.5524411719995,157.57220469744664,51305700,154.52689208984376,149.06641784667968,1,0.003244804946225699,0.003244804946225699
2023-04-11,158.986083984375,160.52848384854775,158.6993469072352,160.5186020856557,47644200,154.9189193725586,149.56210723876953,1,0.00018661143582532347,0.00018661143582532347
2023-04-10,160.20220947265625,160.20220947265625,158.27420958419825,159.59909001148102,47716900,155.36582107543944,150.04401306152343,1,0.007649257455770497,0.007649257455770497
2023-03-30,160.5284881591797,160.6372479005565,159.45078759523014,159.70784921727477,49501700,155.81865463256835,150.46847290039062,1,0.0020366678312206954,0.0020366678312206954
2023-04-26,161.91268920898438,163.41554697412082,160.96352700012233,161.22058862196803,45498800,156.31548538208008,150.9058087158203,1,0.008622775095421753,0.008622775095421753
2023-04-05,161.91268920898438,163.1881457283857,159.9748075653386,162.88164511746857,51511700,156.8063850402832,151.32991577148437,1,0.0,0.0
2023-04-25,161.92257690429688,164.43391748853472,161.88301968061162,163.32655661191464,48714100,157.2967887878418,151.74494110107423,1,6.10680692216814e-05,6.10680692216814e-05
2023-04-06,162.8025360107422,163.09915484076092,160.17253885078875,160.5976809407093,45390100,157.810701751709,152.15861053466796,1,0.005434443567220448,0.005434443567220448
2023-03-31,163.03982543945312,163.1387034155815,160.08356404514288,160.60758412796915,68749800,158.3290756225586,152.57051055908204,1,0.0014575290688056963,0.0014575290688056963
2023-04-21,163.15850830078125,164.57237004978649,162.6344881335745,163.18816868106364,58337300,158.82442626953124,152.96227600097657,1,0.0007279378581781515,0.0007279378581781515
2023-04-14,163.34632873535156,164.44380780578675,161.97200945675792,162.7333124858637,49386500,159.3128547668457,153.3557864379883,1,0.0011511531732324443,0.0011511531732324443
2023-04-17,163.36611938476562,163.52431812616888,162.179658997566,163.22769925770336,41516200,159.77656326293945,153.74183197021483,1,0.00012115760156516941,0.00012115760156516941
2023-04-24,163.46498107910156,163.73193954278202,162.04122272168698,163.13870186497232,41949600,160.1685905456543,154.12585021972657,1,0.000605154206442915,0.000605154206442915
2023-04-13,163.69236755371094,163.92966562076376,159.59907018867185,159.80670788317548,68445600,160.55962905883788,154.4985971069336,1,0.0013910409012884983,0.0013910409012884983
2023-04-04,163.7615966796875,164.95793868784338,163.24745837486338,164.72065569074036,46278300,160.94522933959962,154.85888641357423,1,0.00042292213748962304,0.00042292213748962304
2023-05-04,163.9197998046875,165.15569918374248,162.45649916415186,163.02995828643287,81235400,161.3164939880371,155.21225524902343,1,0.0009660575385659342,0.0009660575385659342
2024-04-19,164.00949096679688,165.40108058085156,163.09501562510533,165.21223390744998,68149400,161.66010971069335,155.5563442993164,1,0.0005471649075721174,0.0005471649075721174
2023-04-03,164.2954864501953,164.4141279400383,162.36748680694973,162.41692578993744,56976200,162.00072326660157,155.90575714111327,1,0.001743773983521102,0.001743773983521102
2023-04-18,164.59213256835938,165.5215312907478,163.78137535549732,164.2263111895451,49923000,162.31563186645508,156.25299560546875,1,0.0018055646236756484,0.0018055646236756484
2023-04-20,164.77008056640625,165.9763194310247,163.69238005042013,164.21640012100644,52456400,162.63202056884765,156.5941033935547,1,0.0010811452240766517,0.0010811452240766517
2024-04-22,164.84442138671875,166.25589498596477,163.7808527253039,164.52635030592455,48116400,162.92642059326172,156.91553955078126,1,0.00045117912218617384,0.00045117912218617384
2023-10-26,165.45875549316406,169.91025482669738,164.24921696829185,168.90890687614655,70625300,163.25005416870118,157.24688995361328,1,0.003726750964802905,0.003726750964802905
2023-05-03,165.56103515625,168.99189215573168,165.2743132122935,167.58791263315675,65136000,163.51799545288085,157.58028411865234,1,0.000618158058671936,0.000618158058671936
2023-04-19,165.739013671875,166.26303367049857,163.67257896146242,163.9296556234232,47720200,163.7785217285156,157.9162503051758,1,0.0010750024331331876,0.0010750024331331876
2024-04-23,165.89805603027344,166.04716464714997,163.9299466584378,164.35737315952596,49537800,163.97779006958007,158.24808166503905,1,0.0009595951784369117,0.0009595951784369117
2024-04-18,166.03721618652344,167.62761710838,165.55016746918514,167.02127846323074,43122900,164.18401641845702,158.58230010986327,1,0.0008388293364005595,0.0008388293364005595
2023-04-27,166.51022338867188,166.65852525119462,163.32654598880194,163.32654598880194,64902300,164.41339874267578,158.9167105102539,1,0.002848802292716446,0.002848802292716446
2023-05-02,166.6387481689453,168.42834281753628,165.65002884530062,168.1712661379265,48425700,164.60520935058594,159.25168823242188,1,0.0007718732078896284,0.0007718732078896284
2024-04-10,166.77279663085938,168.0749301271986,166.1068205360595,167.78667770328389,49709300,164.79185791015624,159.58759857177733,1,0.0008044255215968743,0.0008044255215968743
2023-10-27,166.77731323242188,167.51097229217433,165.39923475234787,165.47855047188273,58499100,164.9727981567383,159.90656158447266,1,2.7082363873054405e-05,2.7082363873054405e-05
2024-04-17,166.99147033691406,169.62555591523414,166.99147033691406,168.59180586766368,50901200,165.1550552368164,160.22901763916016,1,0.0012840901459645337,0.0012840901459645337
2024-04-08,167.43878173828125,168.1842794442996,167.23005087422234,168.01530178433154,37425500,165.3586883544922,160.5548825073242,1,0.00267864819960395,0.00267864819960395
2023-05-01,167.6769256591797,168.52722497825897,166.7376452115908,167.37042504765017,52472900,165.56928558349608,160.88313751220704,1,0.0014222745676129023,0.0014222745676129023
2023-04-28,167.76588439941406,167.9339799574928,165.9862017200745,166.589321099478,55275900,165.77296142578126,161.20901885986328,1,0.0005305365653900385,0.0005305365653900385
2024-04-04,167.8065643310547,170.88794562795422,167.8065643310547,169.2677258236611,53704400,165.9752098083496,161.52562866210937,1,0.00024248035759022457,0.00024248035759022457
2024-04-02,167.82643127441406,168.3234297194346,167.22009256480143,168.0649959882119,49329500,166.17054138183593,161.84026336669922,1,0.00011839193203533327,0.00011839193203533327
2024-03-07,167.9854736328125,169.70508399774383,167.47854068144582,168.13456709874717,71765100,166.3693405151367,162.15768280029297,1,0.0009476597767748007,0.0009476597767748007
2024-04-24,168.00535583496094,168.2836737462142,165.21222704669103,165.540232667877,48251800,166.554833984375,162.46730438232422,1,0.00011835667524384696,0.00011835667524384696
2024-03-06,168.104736328125,170.21201988746688,167.6673753032203,170.03309257401145,68587700,166.73046417236327,162.7759521484375,1,0.0005915316965352524,0.0005915316965352524
2024-05-01,168.28367614746094,171.6732091751753,168.0948143120181,168.56199406268553,50383100,166.90614395141603,163.07659576416015,1,0.001064454358898459,0.001064454358898459
2024-04-26,168.28367614746094,170.31142312512412,168.16438620722982,168.8601961624801,44838400,167.07810668945314,163.3707141113281,1,0.0,0.0
2024-04-16,168.36318969726562,172.71688554496447,167.2598525976239,170.71895735574867,73711200,167.22332839965821,163.65613891601564,1,0.0004724971050371618,0.0004724971050371618
2024-04-05,168.56199645996094,169.36713152382467,167.9357735582051,168.5719309687928,42104800,167.37337646484374,163.91489013671875,1,0.0011808208376948848,0.0011808208376948848
2024-04-03,168.63156127929688,169.6553768320082,167.56799252573734,167.7767233727702,47691700,167.51800384521485,164.1700894165039,1,0.00041269574872693227,0.00041269574872693227
2024-04-09,168.6514434814453,169.05898582949538,167.33937552823474,167.68726532493085,42373800,167.65567321777343,164.42212646484376,1,0.00011790320861404524,0.00011790320861404524
2024-03-26,168.6912078857422,170.39093396328443,168.56198344496033,168.97946029150032,57388400,167.7883728027344,164.66606048583984,1,0.0002357786181725885,0.0002357786181725885
2023-10-30,168.82957458496094,169.70203248533966,167.42175441803172,167.57047708446643,51131000,167.90434036254882,164.89990844726563,1,0.0008202365787342014,0.0008202365787342014
2024-04-25,168.87013244628906,169.58581142644354,167.14057238305094,168.51229295621184,50558300,168.01590957641602,165.1276467895508,1,0.00024022960093228463,0.00024022960093228463
2023-09-27,168.9683837890625,171.5560010147378,167.6002289663342,171.13960475321795,66921800,168.12568893432618,165.34113525390626,1,0.0005818159869370731,0.0005818159869370731
2024-04-01,169.00929260253906,170.22197004043582,168.46259127116116,170.16233265286536,46240500,168.23728790283204,165.55247497558594,1,0.00024210927842949204,0.00024210927842949204
2024-03-05,169.0987548828125,171.00722719097524,168.60175641192043,169.73491231886675,95132400,168.34265213012696,165.75532165527343,1,0.0005293334993350385,0.0005293334993350385
2023-09-28,169.2261505126953,170.5546549284134,166.18247183150447,167.88772217595067,56294400,168.43202056884766,165.96012298583983,1,0.0007533800587182782,0.0007533800587182782
2023-10-31,169.3054656982422,169.43434051981868,166.4600687836398,167.89764555846892,44846000,168.5134475708008,166.14218811035155,1,0.00046869343364819294,0.00046869343364819294
2024-04-30,169.30747985839844,173.9395086711804,168.9794590883409,172.28947031289857,65934800,168.59052734375,166.31776794433594,1,1.1896604447780845e-05,1.1896604447780845e-05
2023-10-25,169.6326446533203,171.57582713235345,169.1864917714858,170.40595412753765,57157000,168.68183135986328,166.47216705322265,1,0.0019205577638614635,0.0019205577638614635
2024-03-08,169.70509338378906,172.65726551008456,167.9258455340773,167.98548292374957,76267000,168.77576446533203,166.62801513671874,1,0.00042709191156453663,0.00042709191156453663
2023-09-29,169.74171447753906,171.58576377459906,168.87916528625075,170.5447655196905,51861100,168.86357650756835,166.7843978881836,1,0.0002157925435224417,0.0002157925435224417
2024-03-25,169.82437133789062,170.90782428626645,168.43276661931924,169.54605342761408,54288300,168.95452728271485,166.92483459472658,1,0.00048695667182330205,0.00048695667182330205
2023-05-09,169.83233642578125,171.58235891028352,169.66425593732595,171.09789605728315,45326900,169.04090728759766,167.0606848144531,1,4.690191300493751e-05,4.690191300493751e-05
2023-05-23,169.8593292236328,171.66129487805824,169.58210606257185,171.4137731194303,50747300,169.11968994140625,167.19470123291015,1,0.00015893791735810403,0.00015893791735810403
2024-03-13,170.10269165039062,172.1503228051375,169.73490248954016,171.73284593382695,52488700,169.21064071655275,167.32982849121095,1,0.0014327292346563159,0.0014327292346563159
2023-05-24,170.13656616210938,170.71081850153183,168.82965902663756,169.39400082609367,45143500,169.29930953979493,167.46523742675782,1,0.00019914153850297822,0.00019914153850297822
2024-03-21,170.3412322998047,176.42450322724187,169.81441519205438,175.98714219427453,106181300,169.3882713317871,167.60276245117188,1,0.001202952089089937,0.001202952089089937
2023-05-15,170.36427307128906,171.49297161869612,169.77021484316816,171.44346424843133,37266700,169.47490692138672,167.73620056152345,1,0.00013526244452566338,0.00013526244452566338
2023-05-16,170.36427307128906,171.42365827881974,170.09694535788182,170.28506430037106,42110300,169.5605484008789,167.86825408935547,1,0.0,0.0
2024-03-28,170.45057678222656,171.1960744249358,169.4863986176142,170.71896018041463,65672700,169.6485168457031,167.99886962890625,1,0.0005065833897075489,0.0005065833897075489
2023-09-26,170.48529052734375,173.6974948472255,170.18786027937264,173.3207639858642,64588900,169.73130264282227,168.1283856201172,1,0.00020365871311511796,0.00020365871311511796
2023-05-12,170.8592987060547,172.33451847611525,169.3048550658258,171.8988778353498,45533100,169.83076095581055,168.25966186523436,1,0.002193785619592603,0.002193785619592603
2023-10-03,170.92149353027344,172.14095595651972,169.3550569046923,170.78269477378157,49594600,169.92841644287108,168.38624908447267,1,0.0003640119366623562,0.0003640119366623562
2023-05-17,170.97811889648438,171.21573009717264,168.7306172756303,170.00783790944186,57951600,170.02685775756837,168.51040985107423,1,0.00033129459052450017,0.00033129459052450017
2024-03-22,171.2457733154297,172.01115512427612,169.03909913099622,170.7288907150358,71160100,170.13420867919922,168.63843688964843,1,0.0015654308321602084,0.0015654308321602084
2023-05-25,171.275146484375,172.1761141248664,169.98803043113716,170.70089424192957,56058300,170.2366584777832,168.75476470947265,1,0.00017152638793138664,0.00017152638793138664
2023-10-20,171.3973846435547,173.91559492791032,171.15943743932888,173.80653768363138,64244000,170.34125442504882,168.87149169921875,1,0.000713694670177123,0.000713694670177123
2023-10-23,171.51632690429688,172.5176595517305,168.47264840823163,169.44425467817877,55980100,170.45169677734376,168.98703796386718,1,0.0006939561008445505,0.0006939561008445505
2023-05-08,171.54281616210938,171.88887398730245,170.1684967974759,170.53431814830344,55962800,170.5472053527832,169.09993316650392,1,0.00015444161084032793,0.00015444161084032793
2024-03-15,171.583740234375,171.583740234375,169.26772563447943,170.14244776104985,121752700,170.6411376953125,169.21086364746094,1,0.00023856476873351795,0.00023856476873351795
2023-05-10,171.60214233398438,172.06684167430913,169.96086445482297,171.06824047843108,53724500,170.73415908813476,169.3127020263672,1,0.0001072485049238292,0.0001072485049238292
2023-05-05,171.61203002929688,172.33379095243657,168.8337158986843,169.05123536921852,113453200,170.82354202270508,169.41216766357422,1,5.761988270092111e-05,5.761988270092111e-05
2024-04-15,171.6533203125,175.56967037066977,171.46445848220424,174.30729011068368,73531800,170.91459121704102,169.50977813720704,1,0.00024060249853152804,0.00024060249853152804
2024-03-11,171.71295166015625,173.33317133974063,171.01715691552084,171.90181348381185,60139500,171.00727233886718,169.60849090576173,1,0.0003473940821401289,0.0003473940821401289
2023-05-11,171.7899932861328,172.62051394942262,170.22781484613878,171.88887125937896,49514700,171.0916374206543,169.7044613647461,1,0.0004486652010329273,0.0004486652010329273
2023-10-24,171.9525909423828,172.18061423977284,169.97965162202772,171.56593616509952,43816600,171.18243865966798,169.79473754882812,1,0.0009464908469911659,0.0009464908469911659
2024-03-14,171.96144104003906,173.26357438070215,171.01714714290978,171.87198497095238,72913500,171.2634490966797,169.88042785644532,1,5.146824254143034e-05,5.146824254143034e-05
2024-05-02,171.9912872314453,172.37894542666191,169.8641344122997,171.47440458209337,94214900,171.3447998046875,169.96493591308592,1,0.00017356327805662097,0.00017356327805662097
2023-10-04,172.17071533203125,172.71600162052053,169.5037820439095,169.62274809669574,53020300,171.43512191772462,170.05221893310548,1,0.001043239477267699,0.001043239477267699
2024-03-12,172.19007873535156,172.98527928876703,169.9834044040384,172.1105571632911,59825400,171.52209701538087,170.13949188232422,1,0.00011246629999162039,0.00011246629999162039
2023-10-02,172.25990295410156,172.80518912572896,169.46408028935463,169.75160169254372,52164500,171.61082763671874,170.22498046875,1,0.0004055066311765554,0.0004055066311765554
2024-03-27,172.26959228515625,172.55785986634996,169.08880538680637,169.3870074763491,60273300,171.68134231567382,170.3102651977539,1,5.6248325283725364e-05,5.6248325283725364e-05
2023-09-21,172.43833923339844,174.7880239939856,172.368947431924,173.05303229407238,63149100,171.75718460083007,170.39693725585937,1,0.0009795515621981998,0.0009795515621981998
2024-04-29,172.4584503173828,174.97326108846298,172.06085765153782,172.3292258757486,68169400,171.831201171875,170.48043273925782,1,0.00011662768311149208,0.00011662768311149208
2023-05-22,172.47315979003906,172.97811385055638,171.73059450812943,172.25533943207657,43570900,171.89257049560547,170.5642224121094,1,8.529284954827965e-05,8.529284954827965e-05
2023-11-01,172.47801208496094,172.73577684542204,168.6610241296242,169.5334819772275,56934900,171.95271377563478,170.64651885986328,1,2.8133623386938922e-05,2.8133623386938922e-05
2023-08-17,172.50775146484375,175.9876437638565,171.9922068223475,175.62082177696578,66062900,172.00823211669922,170.72543395996092,1,0.00017242418046992114,0.00017242418046992114
2024-03-18,172.67713928222656,176.64319229534289,172.4783429395777,174.51603957790343,75604200,172.0662727355957,170.80634552001953,1,0.0009819142383136192,0.0009819142383136192
2023-09-13,172.71595764160156,175.77945374423584,172.48791926125182,174.99622042167854,84267900,172.12492980957032,170.88763580322265,1,0.00022480311833028566,0.00022480311833028566
2023-08-18,172.9935760498047,173.59834528388794,170.48527458580276,170.82235510894964,61172200,172.1954216003418,170.97368316650392,1,0.0016073697647509544,0.0016073697647509544
2023-09-22,173.29100036621094,175.5613698772793,172.55735626241975,173.17203432298646,56725400,172.2798645019531,171.0629116821289,1,0.001719279543193064,0.001719279543193064
2023-05-18,173.31472778320312,173.50284672542747,170.86921174934298,171.2850464654308,65496700,172.36499938964843,171.15180358886718,1,0.0001369223845557599,0.0001369223845557599
2023-10-05,173.40997314453125,173.94533544106068,171.19908676207933,172.29956799243436,48527900,172.45283203125,171.24063537597655,1,0.0005495514578961469,0.0005495514578961469
2023-05-19,173.4236297607422,174.6414324508558,173.20580942819797,174.6414324508558,55809500,172.5383659362793,171.32892211914063,1,7.875334943707735e-05,7.875334943707735e-05
2023-09-15,173.50912475585938,174.9863520978111,172.32934279478667,174.9665193801663,109259500,172.62432250976562,171.41712951660156,1,0.0004929835411422445,0.0004929835411422445
2023-05-26,173.6909942626953,174.02763540020757,171.39399976147126,171.60192472559552,54835000,172.71124267578125,171.50642639160156,1,0.0010481841061202868,0.0010481841061202868
2023-10-19,173.95523071289062,176.31480912563077,173.68754204474868,174.53024321789624,59302900,172.81093215942383,171.59942169189452,1,0.0015213019610889056,0.0015213019610889056
2023-09-20,173.9849853515625,178.158871491594,173.8957457034938,177.72264255589144,58436200,172.91061706542968,171.6929718017578,1,0.00017104768019882144,0.00017104768019882144
2024-04-11,173.9892120361328,174.4067040844594,167.1505236254001,167.3294357885208,91070300,173.00154190063478,171.78010314941406,1,2.4293386936546923e-05,2.4293386936546923e-05
2024-03-04,174.04885864257812,175.838040881393,172.74670999766127,175.09254322615726,81510100,173.0944808959961,171.86697845458986,1,0.0003428178434012885,0.0003428178434012885
2023-09-14,174.2328338623047,174.5897470555056,172.09135470309917,172.507750907179,60895800,173.19312744140626,171.95680084228516,1,0.0010570320377933928,0.0010570320377933928
2023-08-21,174.33200073242188,174.61952217759173,172.25001931121287,173.56861510861043,46311900,173.29624786376954,172.0469534301758,1,0.0005691629293911316,0.0005691629293911316
2023-10-18,174.33200073242188,176.0570840196497,173.60826541418712,174.07423592634754,54764400,173.39093093872071,172.1369467163086,1,0.0,0.0
2023-09-25,174.5699462890625,175.45231307707115,172.65649003070402,172.70606425815106,46172700,173.4965057373047,172.2311590576172,1,0.0013648989034769077,0.0013648989034769077
2023-09-12,174.7880401611328,178.58519559094336,173.32073699502078,177.95068488711692,90370200,173.61224975585938,172.32486602783203,1,0.0012493208407660106,0.0012493208407660106
2023-08-24,174.8673553466797,179.54687744583052,174.50051821034532,179.1205572949361,54945800,173.73171691894532,172.41948181152344,1,0.000453779248704711,0.000453779248704711
2024-03-19,175.02297973632812,175.54979689128342,171.9912860926869,173.29341963294198,55215200,173.85747833251952,172.5131167602539,1,0.0008899567866162972,0.0008899567866162972
2023-08-16,175.0557403564453,177.00883168990967,174.98633341606396,175.61093536777827,46964900,173.97640838623047,172.60694610595704,1,0.0001871789645366828,0.0001871789645366828
2023-11-03,175.13502502441406,175.3035803991637,171.86333827281126,172.74570493436423,79829200,174.09736175537108,172.70236114501952,1,0.00045291098599409274,0.00045291098599409274
2024-04-12,175.4901580810547,177.28929006742356,173.16420894399843,173.21389665591335,101670900,174.2221908569336,172.8031527709961,1,0.0020277671847257484,0.0020277671847257484
2023-05-31,175.49290466308594,177.57209321550437,175.0077566388477,175.57211342872856,99625300,174.33228607177733,172.90330505371094,1,1.5650917756682148e-05,1.5650917756682148e-05
2023-05-30,175.54241943359375,177.21566879798618,174.81966018947244,175.20579349606086,55964400,174.44367065429688,172.99696746826172,1,0.0002821468514802028,0.0002821468514802028
2023-10-17,175.6307373046875,176.88984988971393,173.30090022346374,175.135025356181,57549400,174.5547088623047,173.09115234375,1,0.0005031141269371542,0.0005031141269371542
2023-08-22,175.71005249023438,176.15619021692956,174.73846130997606,175.541512243613,42038900,174.6690299987793,173.185791015625,1,0.0004516019619578149,0.0004516019619578149
2023-08-15,175.92819213867188,177.94078172124355,175.53162857549793,177.34593637648265,43622600,174.78998336791992,173.27943939208984,1,0.0012414750627294246,0.0012414750627294246
2023-10-06,175.9678497314453,176.46356172729125,171.69479961979252,172.30949278163357,57266700,174.90382614135743,173.37329345703125,1,0.00022541920252416858,0.00022541920252416858
2023-09-07,176.0372314453125,176.68166607969957,172.0517029915355,173.6776376395152,112488800,175.0079261779785,173.4660903930664,1,0.0003942863083969961,0.0003942863083969961
2023-11-02,176.04718017578125,176.2553707597914,173.95527477340474,174.01475779740764,77334800,175.11103591918945,173.5567074584961,1,5.651492236657951e-05,5.651492236657951e-05
2023-06-07,176.05728149414062,179.41367589423808,175.56223798316736,176.67113061333816,61944600,175.21443939208984,173.64699676513672,1,5.737847291431564e-05,5.737847291431564e-05
2023-08-10,176.20578002929688,178.95822060931928,175.8394526832055,177.70080592181807,54686900,175.3222854614258,173.73943756103515,1,0.0008434671596424526,0.0008434671596424526
2023-08-11,176.26527404785156,177.08815781935616,175.03591791571532,175.7993186650753,52036700,175.4239074707031,173.8327001953125,1,0.0003376394267247118,0.0003376394267247118
2023-08-09,176.42361450195312,179.13644336005612,175.25530392276485,179.07704055404358,60378500,175.5284881591797,173.92893188476563,1,0.0008983077067044043,0.0008983077067044043
2023-09-18,176.4437255859375,177.84163701778533,174.65915940995401,174.9664984209427,67257600,175.63407440185546,174.02473999023437,1,0.00011399315245386177,0.00011399315245386177
2023-09-08,176.6519012451172,178.6942471635063,176.265246533602,176.82045661878996,65551300,175.7381721496582,174.1235189819336,1,0.0011798416661650268,0.0011798416661650268
2023-10-10,176.86012268066406,178.17871838563994,176.42389371024447,176.57261638357625,43698000,175.84177627563477,174.22492156982423,1,0.0011787104134133308,0.0011787104134133308
2023-08-07,177.07708740234375,181.3146590660809,175.59195672278545,180.32457194637539,97576100,175.95226287841797,174.32741149902344,1,0.001226758855479515,0.001226758855479515
2023-08-25,177.07826232910156,177.61362469655592,174.3121956960464,175.85881489972726,51449600,176.05502700805664,174.4297479248047,1,6.635114542685727e-06,6.635114542685727e-06
2023-10-16,177.18727111816406,177.54418430814493,174.99621776035116,175.23416492964753,52517000,176.16160354614257,174.53366760253905,1,0.0006155966725034379,0.0006155966725034379
2023-10-13,177.31619262695312,180.36976530628638,176.61227491408687,179.86414450043375,51427100,176.27066192626953,174.6365771484375,1,0.0007276002840130857,0.0007276002840130857
2023-06-06,177.43348693847656,178.33445457100666,175.6711182885981,178.18594757320713,64848400,176.36782836914062,174.7414453125,1,0.0006614980266930193,0.0006614980266930193
2023-10-09,177.45497131347656,177.51445432768062,174.2923266162491,175.29365932051672,42390800,176.46593170166017,174.8453466796875,1,0.00012108410520861312,0.00012108410520861312
2023-09-19,177.53428649902344,178.08948146713516,175.6109216966876,175.99757641576028,51826900,176.56552505493164,174.95064056396484,1,0.00044695950166850906,0.00044695950166850906
2024-03-20,177.59739685058594,177.59739685058594,174.03888667858465,174.6651094822859,53423100,176.66385803222656,175.0538217163086,1,0.0003554826101876962,0.0003554826101876962
2023-11-06,177.69293212890625,177.89121391765332,174.6988423245846,174.86738260141615,63841300,176.76300201416015,175.15851135253905,1,0.0005379317490823432,0.0005379317490823432
2023-06-05,177.79983520507812,183.11659785767154,176.27509267968756,180.81960374527281,121946500,176.85658416748046,175.26504486083985,1,0.0006016169292222262,0.0006016169292222262
2023-09-11,177.82177734375,178.75371815702783,175.81909698721213,178.5256949137557,58953100,176.94928054809571,175.37192016601563,1,0.0001234092182738067,0.0001234092182738067
2023-08-14,177.92095947265625,178.14898275911253,175.78938877461678,176.44373225185288,43675600,177.0434669494629,175.48018432617187,1,0.0005577614305052325,0.0005577614305052325
2023-08-08,178.0176544189453,178.48299654054432,175.81965996172053,177.90874423926195,67823000,177.1419906616211,175.58699462890624,1,0.0005434713626526477,0.0005434713626526477
2023-10-11,178.258056640625,178.30763087133224,176.0769266408882,176.6717720255812,47551100,177.2520294189453,175.69783660888672,1,0.0013504403395514508,0.0013504403395514508
2023-06-01,178.30477905273438,178.3344804566055,175.17610024638307,175.93847152997847,68901800,177.3569793701172,175.8040606689453,1,0.00026210547220073543,0.00026210547220073543
2024-03-01,178.58148193359375,179.44625436004063,176.31517027538303,178.47214167082092,73563100,177.4727897644043,175.90987030029297,1,0.0015518534182279442,0.0015518534182279442
2023-08-28,178.64466857910156,179.04123207376244,177.0187340463078,178.54552014147254,43820700,177.5838424682617,176.01646911621094,1,0.00035382529489424996,0.00035382529489424996
2023-06-08,178.78001403808594,179.04732664647344,175.70084291207064,176.1364684949153,50214900,177.70065689086914,176.12386993408202,1,0.0007576238354096709,0.0007576238354096709
2023-06-02,179.15621948242188,179.97799341291704,177.48297022337377,179.2354282464183,61996900,177.82587280273438,176.23852172851562,1,0.0021042925092051856,0.0021042925092051856
2023-10-12,179.1602325439453,180.77624333047942,177.50454119898205,178.52572180730996,56743100,177.94087829589844,176.35154388427733,1,2.2399789050275842e-05,2.2399789050275842e-05
2023-06-09,179.16615295410156,180.42355258623877,178.83942242611607,179.70079329510486,48900000,178.04533157348632,176.46104705810546,1,3.304533641301788e-05,3.304533641301788e-05
2023-08-23,179.5666961669922,179.9930163205811,176.80063007696822,176.98900304288458,52722800,178.16975326538085,176.5732763671875,1,0.002235596435411713,0.002235596435411713
2024-02-29,179.6649627685547,181.47404463933898,178.4522851813059,180.18184546980606,136682600,178.29363784790038,176.68687591552734,1,0.0005472429111861299,0.0005472429111861299
2024-01-05,179.8628387451172,181.43135417752765,178.86018676112266,180.66696287937032,62379700,178.42097015380858,176.80434844970702,1,0.0011013609638368393,0.0011013609638368393
2024-02-26,180.0724639892578,181.66284976948523,179.56551591408572,181.14598235368476,40867400,178.55291900634765,176.9248205566406,1,0.0011654727880598958,0.0011654727880598958
2023-08-04,180.18594360351562,185.52251207833032,180.11663025996506,183.68094960257173,115956800,178.6894676208496,177.04388275146485,1,0.0006301886015431801,0.0006301886015431801
2023-11-07,180.26072692871094,180.87540499500966,177.43516235233906,177.64335292992328,70530000,178.82578964233397,177.16245727539064,1,0.0004150341791357981,0.0004150341791357981
2024-02-28,180.33090209960938,182.02069366799873,179.04865286943277,181.4143549983027,48953900,178.96246490478515,177.28243530273437,1,0.00038929816879185175,0.00038929816879185175
2024-02-20,180.47006225585938,181.33483464555084,178.91942962585208,180.69867728023533,53665600,179.1013214111328,177.4004376220703,1,0.0007716933405741422,0.0007716933405741422
2024-01-04,180.58753967285156,181.7589539428833,179.5650288616003,180.82578520690032,71983600,179.24070663452147,177.51642761230468,1,0.0006509523824822505,0.0006509523824822505
2024-05-06,180.6191864013672,183.0942290168702,179.33692188523904,181.25534382134734,78569700,179.38057708740234,177.63146423339845,1,0.00017524314563988064,0.00017524314563988064
2023-11-09,180.8456573486328,182.54098393459674,180.2507968912838,181.39094357988108,53763500,179.52681198120118,177.74791778564452,1,0.0012538587498802656,0.0012538587498802656
2024-02-16,181.215576171875,183.7403368438813,180.57941874936438,182.31891336045317,49752500,179.68670806884765,177.87111450195312,1,0.002045494642589407,0.002045494642589407
2024-02-21,181.22552490234375,181.79209525720324,179.57548638259638,180.8478012209779,41371400,179.8350814819336,177.99292449951173,1,5.489997426777471e-05,5.489997426777471e-05
2024-05-07,181.30502319335938,183.79001537072006,180.23151991986552,182.34872294128857,77305800,179.98509368896484,178.10922180175783,1,0.00043867049665591296,0.00043867049665591296
2023-11-08,181.32151794433594,181.87671291239437,180.0326638382413,180.7861556902591,49340300,180.12209548950196,178.22579406738282,1,9.097790389933635e-05,9.097790389933635e-05
2023-09-06,181.34136962890625,187.23043067946264,179.91371663144653,186.7842777718091,81755800,180.25693054199218,178.34177307128905,1,0.00010948333543292499,0.00010948333543292499
2024-01-17,181.3519287109375,181.6001112377356,178.98924135636386,179.95219077216925,47317400,180.38552627563476,178.45619689941407,1,5.822765126817231e-05,5.822765126817231e-05
2024-02-23,181.42430114746094,183.9291621764045,181.1360335803032,183.89934348562096,45119700,180.49893035888672,178.5704818725586,1,0.0003990717773880714,0.0003990717773880714
2023-06-13,181.4928436279297,182.32451307330234,180.63147278147434,180.98790470199526,54929100,180.61556091308594,178.68177490234376,1,0.0003778020917553082,0.0003778020917553082
2024-02-27,181.53366088867188,182.8159102315647,178.482083088638,180.0128468267154,54318900,180.73393630981445,178.79309112548827,1,0.00022489735642605702,0.00022489735642605702
2024-05-08,181.64300537109375,181.97102617972277,180.36074083125402,181.75234564063675,45057100,180.83775177001954,178.9052066040039,1,0.0006023372298371577,0.0006023372298371577
2023-06-12,181.9680633544922,182.0670780867689,179.17602617310777,179.4730552624109,54274900,180.9529067993164,179.02362426757813,1,0.0017895430805845436,0.0017895430805845436
2023-06-14,182.12649536132812,182.56213604593384,180.21563475820471,181.5522431050323,57462900,181.06608963012695,179.14500854492186,1,0.0008706583117681355,0.0008706583117681355
2023-06-21,182.1363983154297,183.5720213426237,180.77996894802234,183.06706733943585,49515700,181.16928634643554,179.26362091064453,1,5.4374044160532264e-05,5.4374044160532264e-05
2024-05-10,182.19790649414062,184.22840362497325,181.2821909106075,184.03928564367934,50759500,181.2698844909668,179.3822735595703,1,0.0003377039366092571,0.0003377039366092571
2024-05-03,182.27915954589844,185.8774235329829,181.56348055207545,185.52951854505613,163224100,181.37080612182618,179.49938446044922,1,0.00044596040273625626,0.00044596040273625626
2024-01-16,182.2950439453125,182.9204536449405,179.61466039771227,180.83572939974707,65603000,181.46901321411133,179.6164108276367,1,8.714325572722892e-05,8.714325572722892e-05
2023-08-29,182.5409698486328,183.31427930675537,177.9605961154563,178.1588778766287,53003900,181.57255859375,179.73419219970702,1,0.0013490542474323686,0.0013490542474323686
2024-02-15,182.7562713623047,183.3824942652778,180.26134459364147,182.44813474883824,65434500,181.68099517822264,179.85211517333985,1,0.001179469539634992,0.001179469539634992
2024-01-03,182.91050720214844,184.5286619910614,182.09646131024977,182.88072651321147,58414500,181.79556121826172,179.96878356933593,1,0.0008439428025863727,0.0008439428025863727
2024-02-14,183.0445098876953,184.41623036442274,181.34478380471282,184.20749952407863,54630500,181.90550384521484,180.0881085205078,1,0.0007326133834333337,0.0007326133834333337
2024-01-31,183.05941772460938,185.73980101543498,183.00979333970113,185.68022448739953,55467800,181.99769592285156,180.2055514526367,1,8.14437806586632e-05,8.14437806586632e-05
2023-06-16,183.08688354492188,185.1363708565112,182.4433330473612,184.87893857146415,101256200,182.09076385498048,180.32096527099608,1,0.00015003773449029367,0.00015003773449029367
2023-06-20,183.17596435546875,184.2551705135613,182.58192130455032,182.58192130455032,49799100,182.18431091308594,180.43581481933595,1,0.00048654938476255793,0.00048654938476255793
2024-02-22,183.26319885253906,183.84966853541172,181.36467634977905,182.37854224114136,52292200,182.2813949584961,180.55197937011718,1,0.0004762333168397692,0.0004762333168397692
2023-06-26,183.4334259033203,186.18586660248252,183.39381396241686,184.9779592329188,48088700,182.3859977722168,180.66996215820313,1,0.0009288665255604567,0.0009288665255604567
2023-11-13,183.45652770996094,184.67758150620577,182.87082057942214,184.46911666550656,43627500,182.49122772216796,180.78714477539063,1,0.0001259410956693241,0.0001259410956693241
2024-05-09,183.46200561523438,183.55146169147778,181.01676669426374,181.46406224266897,48983000,182.59311294555664,180.9025262451172,1,2.9859418696265294e-05,2.9859418696265294e-05
2024-01-09,183.79405212402344,183.80397397190293,181.40156892129536,182.58292017691045,42841800,182.70817337036132,181.02241058349608,1,0.0018098925043119607,0.0018098925043119607
2024-02-13,183.92918395996094,185.09217370700773,182.4083698811328,184.6548126341336,56529500,182.82794952392578,181.14455871582032,1,0.0007352350871849822,0.0007352350871849822
2023-06-15,184.16607666015625,184.67103069686027,181.95818688950908,182.13641040467775,65433200,182.9541030883789,181.26946105957032,1,0.0012879560225032005,0.0012879560225032005
2024-01-08,184.2109832763672,184.2507009606552,180.18050174905395,180.76620883550703,59144500,183.06624908447264,181.39332763671874,1,0.00024383761127633186,0.00024383761127633186
2024-01-11,184.2407989501953,185.6901917447606,182.28511919375845,185.18388963502795,49128400,183.171964263916,181.51298248291016,1,0.00016185611355967744,0.00016185611355967744
2024-01-02,184.2904052734375,187.07005243391947,182.55312769161858,185.78942219080653,82488700,183.2796646118164,181.63269500732423,1,0.00026924722170584836,0.00026924722170584836
2024-02-02,184.49888610839844,185.96812234304272,177.94686171013706,178.55242764739413,102551700,183.39471359252929,181.7510430908203,1,0.0011312625562442946,0.0011312625562442946
2024-01-12,184.56837463378906,185.382420570264,183.84368591687618,184.7073562390581,40477800,183.50917434692383,181.86951721191406,1,0.00037663384780439735,0.00037663384780439735
2023-06-23,184.82943725585938,185.70071866604846,183.17599374881706,183.71064919871634,53117000,183.63589401245116,181.99050567626952,1,0.0014144493745924525,0.0014144493745924525
2024-01-10,184.83641052246094,185.04487535026095,182.5829090664718,183.00979086506445,46792900,183.75066604614258,182.1041094970703,1,3.772811682534183e-05,3.772811682534183e-05
2023-11-10,185.0448760986328,185.21365353801235,182.1957456895483,182.63254933718324,66133400,183.86509628295897,182.22180236816405,1,0.001127838262940939,0.001127838262940939
2023-06-22,185.14627075195312,185.19577812392734,181.84927919785179,181.91859254012144,51245300,183.9768844604492,182.3414047241211,1,0.0005479462898840826,0.0005479462898840826
2024-05-13,185.41287231445312,186.22906253508128,183.76059590764,184.57678612826817,72044800,184.0953025817871,182.4583282470703,1,0.0014399510258413795,0.0014399510258413795
2024-02-01,185.50155639648438,185.59089847447947,182.48366340616798,182.6524257138898,64885400,184.21740951538087,182.57506011962892,1,0.000478305960768699,0.000478305960768699
2024-05-23,186.0100860595703,190.11090276702717,185.76124979940406,190.09099161364105,51005900,184.3635696411133,182.69800506591798,1,0.002741376800090123,0.002741376800090123
2024-02-12,186.02650451660156,187.537383976275,185.66866504371018,187.28888476363343,41781900,184.50609664916993,182.81708587646483,1,8.826648801174564e-05,8.826648801174564e-05
2023-08-30,186.0406951904297,186.23899207960088,183.15566303930453,183.35394480054703,60813900,184.64497146606445,182.93418090820313,1,7.628307517260069e-05,7.628307517260069e-05
2023-11-14,186.0773468017578,186.74247420260892,184.9456350058848,186.33545119454976,60108400,184.77716751098632,183.05051330566405,1,0.00019700857003690508,0.00019700857003690508
2023-06-27,186.19577026367188,186.5225008066865,183.8294627923201,184.04728315432985,50730800,184.91412963867188,183.16781066894532,1,0.0006364206280318196,0.0006364206280318196
2023-07-11,186.21554565429688,187.42345287888426,184.75022127484863,187.28484131741655,46638100,185.051806640625,183.28272033691405,1,0.000106207518017154,0.000106207518017154
2023-08-31,186.25880432128906,187.49808420340318,185.87214960318659,186.22906281435257,60794500,185.17504425048827,183.39614562988282,1,0.0002323042732021996,0.0002323042732021996
2024-02-05,186.31558227539062,187.87417583998953,184.48896248395178,186.78216664518396,69668800,185.29436416625975,183.51007354736328,1,0.00030483366576117277,0.00030483366576117277
2024-05-14,186.55752563476562,187.42348620330452,185.42283282321628,186.63715506565202,52393600,185.41393661499023,183.62431091308594,1,0.0012985674972552097,0.0012985674972552097
2023-11-15,186.64320373535156,188.12237722055318,186.41488002550872,186.484378412078,53790500,185.53554763793946,183.73286346435546,1,0.00045925834561977297,0.00045925834561977297
2024-01-30,186.67295837402344,190.4056331853674,186.10711010289756,189.5518847070131,55859400,185.65715560913085,183.84181213378906,1,0.00015941988819512254,0.00015941988819512254
2023-07-10,186.74029541015625,188.10662020019882,185.18585168727856,187.38384586798722,59922200,185.7796501159668,183.950517578125,1,0.00036072196379888233,0.00036072196379888233
2024-02-08,186.95094299316406,188.16205980044833,185.98799356738817,188.0131563419714,40962000,185.9022529602051,184.06310607910157,1,0.0011280242571383159,0.0011280242571383159
2024-01-18,187.25869750976562,187.76498444511594,184.47904999387188,184.7371543858006,78005800,186.0367691040039,184.18145263671875,1,0.0016461779313561298,0.0016461779313561298
2023-06-28,187.3739471435547,188.0174975900725,185.7403097900696,186.0670251747448,51216800,186.16399459838868,184.30189300537108,1,0.0006154567735527916,0.0006154567735527916
2023-06-29,187.7105712890625,188.1858238773272,187.06702084863718,187.20563240999925,46347300,186.30770263671874,184.42761840820313,1,0.0017965365550522971,0.0017965365550522971
2024-02-09,187.71632385253906,188.84947973129314,186.87142040616737,187.5175123353768,45155200,186.44127502441407,184.55208801269532,1,3.0645921734961945e-05,3.0645921734961945e-05
2023-09-01,187.83518981933594,188.2912363685708,186.66530168187228,187.86493132785435,45766500,186.5757209777832,184.6781185913086,1,0.0006332212583186614,0.0006332212583186614
2023-07-12,187.88882446289062,189.79968522544766,186.60170827121757,187.79970514631046,60750200,186.69951858520508,184.80303497314452,1,0.0002855409766735484,0.0002855409766735484
2024-02-06,187.92381286621094,187.9337347140823,185.4122068995574,185.50154897397763,43490800,186.8206314086914,184.9221499633789,1,0.00018621865041912322,0.00018621865041912322
2023-11-29,187.99331665039062,190.69354405683197,187.596230622092,189.51219267303125,43014200,186.91979293823243,185.03948638916015,1,0.00036985086200425066,0.00036985086200425066
2024-02-07,188.03302001953125,189.66109684812312,187.23883287556598,189.2540738540102,53439000,187.0201187133789,185.15741882324218,1,0.00021119564167526583,0.00021119564167526583
2023-12-04,188.0528564453125,188.66835941071503,186.08725507958516,188.59886103241988,43389500,187.12072677612304,185.27451782226564,1,0.0001054943742284653,0.0001054943742284653
2023-09-05,188.07313537597656,188.35073289401015,186.00106278496517,186.66531506939765,45280000,187.22051620483398,185.3903973388672,1,0.00010783633414246374,0.00010783633414246374
2023-11-17,188.3109893798828,188.99597562451044,187.19913643084107,188.8669158544037,50922700,187.32627716064454,185.5107162475586,1,0.0012646888851550742,0.0012646888851550742
2023-11-16,188.33082580566406,189.57173837709286,187.27851922089127,188.19184420357837,54412900,187.4320411682129,185.6265133666992,1,0.0001053386520168953,0.0001053386520168953
2023-11-27,188.4102325439453,189.28383984926063,187.52670339120002,188.53929229982836,40552600,187.53961257934571,185.73959259033202,1,0.0004216343126068889,0.0004216343126068889
2023-11-30,188.569091796875,188.93641225844013,186.82189215984647,188.45989087281944,48794400,187.65228805541992,185.85276428222656,1,0.0008431561852280112,0.0008431561852280112
2023-11-24,188.5889434814453,189.51217522879531,187.87417657801197,189.48239453680722,24048300,187.7538589477539,185.96365295410158,1,0.00010527538941373926,0.00010527538941373926
2023-07-13,188.6511688232422,189.29473443261006,187.89870814797314,188.61157199087162,41342300,187.85425720214843,186.0754879760742,1,0.0003299522265101107,0.0003299522265101107
2023-07-07,188.7897491455078,190.76002737229288,188.35412363143107,189.51252340749707,46815000,187.96009674072266,186.18954528808592,1,0.0007345850181053049,0.0007345850181053049
2023-07-14,188.79971313476562,189.28484614910528,187.7502232169733,188.34426641754783,41616200,188.0630676269531,186.30202026367186,1,5.2778232414230075e-05,5.2778232414230075e-05
2024-05-15,188.8368682861328,189.76253191302303,186.49780129168897,187.03529613574696,70400000,188.15736389160156,186.41349365234376,1,0.00019679665159588744,0.00019679665159588744
2024-05-16,188.95631408691406,190.21045865928463,188.7771592552961,189.58338637309936,52845200,188.24224472045898,186.52395141601562,1,0.0006325343237543191,0.0006325343237543191
2024-05-17,188.98617553710938,189.9218023921439,188.29938496531759,188.62785068172937,41282900,188.3228561401367,186.6345443725586,1,0.00015803361925015302,0.00015803361925015302
2023-11-28,189.01580810546875,189.690872461515,188.02307798905798,188.4003202806091,38415400,188.38811798095702,186.7456204223633,1,0.00015679754497988085,0.00015679754497988085
2024-05-24,189.0956573486328,189.6928704821682,187.16468542966413,187.94106857836448,36327000,188.45708465576172,186.85165252685547,1,0.00042244743423536235,0.00042244743423536235
2024-05-28,189.10562133789062,192.10160462638697,188.21976480489596,190.61853495727325,52280100,188.52060623168944,186.95518127441406,1,5.2692850790458934e-05,5.2692850790458934e-05
2023-11-21,189.25405883789062,190.12766614172318,188.36060783923182,190.0184652287441,38134500,188.58886795043946,187.05694091796875,1,0.0007849449368551031,0.0007849449368551031
2023-08-03,189.27491760253906,190.46301890335675,188.79968010371752,189.67096144116343,61235200,188.65642318725585,187.1582196044922,1,0.00011021567926472464,0.00011021567926472464
2024-05-29,189.40420532226562,191.35508832801628,188.62783738828333,188.7273779696699,53068000,188.72696762084962,187.26148773193358,1,0.0006830684243015472,0.0006830684243015472
2023-07-05,189.43336486816406,191.06700252473485,188.7303963864849,189.6709912086324,46920300,188.79698486328124,187.36434692382812,1,0.00015395405740248336,0.00015395405740248336
2023-12-01,189.84970092773438,190.1673666680402,187.85430382511626,188.94631294335792,45704800,188.88682708740234,187.47136322021484,1,0.002197796886836967,0.002197796886836967
2023-07-06,189.90858459472656,190.11650951153766,187.32445692665846,187.95811200082892,45094300,188.97859954833984,187.57816741943358,1,0.00031015938768641504,0.00031015938768641504
2023-11-22,189.919189453125,191.52740733771327,189.4426832554431,190.09788874466753,39617700,189.05900955200195,187.6799624633789,1,5.5841911628551344e-05,5.5841911628551344e-05
2024-05-22,190.01138305664062,191.92245910983817,189.38432593982932,191.37501623979523,34648500,189.14303741455078,187.7834619140625,1,0.00048543595716199484,0.00048543595716199484
2023-07-21,190.0373077392578,193.03727024392953,189.33433929774543,192.17589935868594,71951700,189.2243911743164,187.883310546875,1,0.00013643752390057884,0.00013643752390057884
2023-11-20,190.0581817626953,190.51484429092645,188.4996033239707,188.50952517211448,46505100,189.29884567260743,187.98154876708983,1,0.00010984171311312352,0.00010984171311312352
2024-05-20,190.15072631835938,191.02663488992152,188.1301769262196,188.44869465688268,44361300,189.37693481445314,188.07630584716796,1,0.00048692750191414724,0.00048692750191414724
2024-01-19,190.16737365722656,190.55453778649462,187.4473029046773,187.9535897974558,68903000,189.45274505615234,188.1696221923828,1,8.754812137468093e-05,8.754812137468093e-05
2024-01-29,190.3361358642578,190.80272021826386,188.20177223046258,190.614099077556,47145600,189.53006439208986,188.25614318847656,1,0.0008874403836245381,0.0008874403836245381
2024-05-30,190.39956665039062,191.2854232244703,189.7426503955058,189.8720349370489,49889100,189.61005706787108,188.34360443115236,1,0.00033325666639605345,0.00033325666639605345
2023-07-03,190.55215454101562,191.95807629669292,189.8590815409033,191.85906155166862,31458200,189.69582138061523,188.43383361816407,1,0.0008014088125798402,0.0008014088125798402
2023-08-02,190.67095947265625,193.24517665133837,189.94820018063527,193.10656507331342,50389300,189.78155364990235,188.52570587158203,1,0.0006234772413189482,0.0006234772413189482
2023-07-24,190.83926391601562,192.9778554020486,190.34422042985216,191.4927249435582,45377800,189.87420806884765,188.6185757446289,1,0.0008826957383802903,0.0008826957383802903
2023-12-06,190.92185974121094,193.3441084564195,190.71337975554792,193.03636454966008,41089700,189.96951065063476,188.7127020263672,1,0.0004328031008946631,0.0004328031008946631
2024-01-26,191.02110290527344,193.34408744696182,190.54459675135575,192.8576594463704,44594000,190.0657829284668,188.80794799804687,1,0.0005198103779056051,0.0005198103779056051
2023-12-29,191.1303253173828,192.98672576072192,190.33613820624774,192.4903607097449,42672100,190.1670181274414,188.90424285888673,1,0.0005717819154438253,0.0005717819154438253
2023-07-20,191.21551513671875,194.52240222913113,190.59175546623806,193.15607727761312,59581200,190.2650909423828,188.99740264892577,1,0.00044571587054265116,0.00044571587054265116
2023-07-27,191.30462646484375,195.24516880610398,190.64126993533102,194.076873305403,47460200,190.36657638549804,189.09063110351562,1,0.00046602561544917265,0.00046602561544917265
2024-05-31,191.3551025390625,191.67362027294615,189.02599856414395,190.5488754083416,75158300,190.4641212463379,189.1842739868164,1,0.00026385182183785716,0.00026385182183785716
2024-05-21,191.4546356201172,191.83285642957057,190.03128423275254,190.20049107683238,42309400,190.56518478393554,189.27856079101562,1,0.0005201485601062927,0.0005201485601062927
2023-12-26,191.6465606689453,192.48045036895266,191.42815882163003,192.20248713561688,28919300,190.6550277709961,189.37247314453126,1,0.001002457047887484,0.001002457047887484
2023-07-25,191.70065307617188,192.51253172271785,191.0075951507849,191.41353447405788,37283200,190.74463119506837,189.46131225585938,1,0.00028225086345279315,0.00028225086345279315
2023-12-27,191.74581909179688,192.09328069742187,189.7007974418798,191.09062871652011,48087700,190.83596267700196,189.5487496948242,1,0.0002356069992470733,0.0002356069992470733
2023-12-11,191.77560424804688,192.08336332058192,190.02840462687192,191.70612101402028,60943700,190.92417373657227,189.6300503540039,1,0.0001553366659625688,0.0001553366659625688
2023-07-18,191.8095245361328,192.40358269941262,190.5125131574161,191.43330179974714,48288200,191.012784576416,189.71191436767577,1,0.0001768748857235991,0.0001768748857235991
2023-12-05,192.0138702392578,192.98674157750665,188.79741899208386,188.82721483361496,66628400,191.11056900024414,189.7954879760742,1,0.0010653574352952333,0.0010653574352952333
2023-06-30,192.0471649169922,192.55210381756805,189.36402266288647,189.73036510372253,85213200,191.20539093017578,189.87865478515624,1,0.00017339725350518087,0.00017339725350518087
2023-07-17,192.0669708251953,192.39370132812152,189.9085734412509,189.9976776399959,50520200,191.3003707885742,189.96151794433592,1,0.00010313043783627407,0.00010313043783627407
2023-12-28,192.17271423339844,193.24486466881353,191.7656912152772,192.72864072260757,34049900,191.39219970703124,190.0451058959961,1,0.0005505548806690186,0.0005505548806690186
2023-12-22,192.1925506591797,193.98938969071887,191.56712585784612,193.7610508645393,37149600,191.4818489074707,190.12829650878905,1,0.00010322186404243539,0.00010322186404243539
2024-06-10,192.2210235595703,196.3815736009198,191.25553768440525,195.98342648408087,97010200,191.56529235839844,190.21165985107422,1,0.0001481477835274525,0.0001481477835274525
2024-01-22,192.48045349121094,193.90998737033232,190.86229845472488,190.9020161446229,60133900,191.65576705932617,190.2998062133789,1,0.0013496438986562165,0.0013496438986562165
2023-07-26,192.57191467285156,193.70061320853526,191.40361930588426,191.75014067908202,47471900,191.74239959716797,190.3850247192383,1,0.0004751712705457489,0.0004751712705457489
2024-01-25,192.7584228515625,194.84316234947465,191.70613125374697,193.80079260051858,54822100,191.83422775268554,190.47357666015625,1,0.0009685118363587097,0.0009685118363587097
2023-12-07,192.85768127441406,193.5823700079149,192.18261692775607,192.22233461466143,47477700,191.9260566711426,190.56252563476562,1,0.0005149368903478724,0.0005149368903478724
2024-01-24,193.0860137939453,194.95235131957728,192.9271733347724,193.9993237123997,53631300,192.0238410949707,190.65286407470703,1,0.001183943092245121,0.001183943092245121
2024-06-03,193.12680053710938,194.0823384761381,191.62383496596826,192.0020557606219,50080500,192.11940536499023,190.74362121582033,1,0.00021123613441820233,0.00021123613441820233
2023-07-19,193.1659698486328,196.26493172677777,190.74024473686075,191.18579595006162,80507300,192.21247253417968,190.83391723632812,1,0.00020281655065224058,0.00020281655065224058
2023-12-21,193.2646942138672,195.64725561182692,192.09327993279487,194.674384326953,46482500,192.3079521179199,190.9234161376953,1,0.0005110857016468184,0.0005110857016468184
2023-12-12,193.29449462890625,193.30441647720014,190.32622602015354,191.6763396332624,52696900,192.3999450683594,191.01331176757813,1,0.00015419482156464603,0.00015419482156464603
2023-12-20,193.41360473632812,196.24287639656293,193.41360473632812,195.46854814025792,52242800,192.48829727172853,191.10484649658204,1,0.0006162105529727846,0.0006162105529727846
2024-06-04,193.4453125,194.41079839334418,192.13144977133211,193.7339558758535,47471400,192.5755302429199,191.19462646484374,1,0.00016393760777644317,0.00016393760777644317
2024-06-06,193.57470703125,195.58530834672572,193.2661524862918,194.77908126144504,41181800,192.66697463989257,191.28639709472657,1,0.0006688946326884881,0.0006688946326884881
2023-08-01,193.67091369628906,194.77980627337752,193.34418318178373,194.29467332466547,35175100,192.7617401123047,191.37949920654296,1,0.0004970001841384519,0.0004970001841384519
2024-01-23,193.7610626220703,194.3269260762536,192.42088601370864,193.60223731108647,42355600,192.85931701660155,191.47280731201172,1,0.00046547477915348523,0.00046547477915348523
2023-07-28,193.8887481689453,194.6808208278144,192.21549864281087,192.74024356896163,48291400,192.95306091308595,191.56846984863282,1,0.0006589845511120185,0.0006589845511120185
2023-12-08,194.28721618652344,194.56517940505597,192.26203828251843,192.7881840281593,53406400,193.0650634765625,191.66913299560548,1,0.002055137398849549,0.002055137398849549
2023-12-18,194.46591186523438,195.20053764226134,192.97681661429394,194.66445486912104,55751900,193.18501052856445,191.77295288085938,1,0.0009197500598256969,0.0009197500598256969
2023-07-31,194.50259399414062,194.54220593555127,193.3243880114047,194.1164606567971,38824100,193.30150451660157,191.8749206542969,1,0.00018863012316350236,0.00018863012316350236
2024-06-05,194.95823669433594,195.9834409155792,193.96289161058436,194.49042328995185,54156800,193.43978881835938,191.9854180908203,1,0.002342604748032606,0.002342604748032606
2023-12-19,195.50827026367188,195.5181921115413,194.46590061872467,194.73394198979324,40714100,193.60415115356446,192.09858947753906,1,0.002821289208715605,0.002821289208715605
2024-06-07,195.97349548339844,196.02326577578603,193.23629646745044,193.7439169991778,53103900,193.77880325317383,192.2198876953125,1,0.002379567979907682,0.002379567979907682
2023-12-15,196.1337127685547,196.9576655039482,195.56784928391744,196.09399507777627,128538400,193.95689315795897,192.3441781616211,1,0.0008175456827008709,0.0008175456827008709
2023-12-13,196.52085876464844,196.56056130389416,193.43346752411227,193.67171305530522,70404200,194.14501495361327,192.47436767578125,1,0.001973888071708396,0.001973888071708396
2023-12-14,196.66976928710938,198.16878635020208,194.73394853732478,196.58042720970235,66831600,194.33561935424805,192.6070169067383,1,0.0007577339290953944,0.0007577339290953944
2024-06-11,206.18572998046875,206.19569315156764,192.72867525564521,192.74857122232135,172373300,194.99060516357423,192.92956787109375,1,0.048385477482649764,0.048385477482649764
2024-08-06,206.26535034179688,209.01251239840335,200.13403637997632,204.34434168651262,69660500,195.64753265380858,193.2518603515625,1,0.00038615844721978654,0.00038615844721978654
2024-06-21,206.52415466308594,210.90366690915465,206.14591867526494,209.41064929966387,241805100,196.31544189453126,193.5789959716797,1,0.0012547154471664879,0.0012547154471664879
2024-06-24,207.17112731933594,211.70989851928564,205.6283393856244,206.75308420226276,80727000,197.0107635498047,193.91569580078124,1,0.0031326730633782773,0.0031326730633782773
2024-06-25,208.0968017578125,210.3960464470149,207.6389363414956,208.1764159984445,55549700,197.75087890625,194.2696405029297,1,0.004468163351014187,0.004468163351014187
2024-08-05,208.29586791992188,212.506173331003,195.0876345333798,198.16324716744046,119548600,198.4949920654297,194.6245147705078,1,0.0009566036595844984,0.0009566036595844984
2024-06-20,208.70396423339844,213.24275088537271,207.87784112226225,212.93418113045576,86172500,199.2579246520996,194.98517486572266,1,0.0019592146380620346,0.0019592146380620346
2024-08-07,208.84332275390625,212.64553325809877,205.4292810556757,205.9369016050796,63516400,200.02135543823243,195.34525604248046,1,0.0006677329825510725,0.0006677329825510725
2024-06-28,209.63955688476562,215.06419922920637,209.3210543856748,214.76559269472423,82542700,200.81978759765624,195.71960998535155,1,0.0038125907994559505,0.0038125907994559505
2024-06-14,211.50086975097656,214.16838712685717,210.31640674162668,212.8545395919822,70122700,201.70677795410157,196.12920532226562,1,0.008878633850738726,0.008878633850738726
2024-06-12,212.0782012939453,219.1750019825869,205.9369082694312,206.40472171133436,198134300,202.61625061035156,196.54816284179688,1,0.0027296887414625104,0.0027296887414625104
2024-06-26,212.25733947753906,213.8598456726642,209.65948819693895,210.51548557795786,66213200,203.51475677490234,196.96899932861328,1,0.0008446798515866494,0.0008446798515866494
2024-08-08,212.31704711914062,213.20290359333654,207.85790561211314,212.1179811495676,47161100,204.40731353759764,197.38924774169922,1,0.0002812983605113839,0.0002812983605113839
2024-06-27,213.10340881347656,214.73577429887092,211.36155475092565,213.69065882378794,49772700,205.33735427856445,197.8242138671875,1,0.0037037143508060755,0.0037037143508060755
2024-06-13,213.24273681640625,215.74104751612717,210.61502639534655,213.74040935969603,97862700,206.25157928466797,198.25997589111327,1,0.0006538046655633067,0.0006538046655633067
2024-06-18,213.29248046875,217.61228945527094,212.008492058615,216.5771221156608,79943300,207.1407897949219,198.69289428710937,1,0.000233272434439602,0.000233272434439602
2024-08-09,215.2334442138672,215.77092392101787,210.98331610147795,211.1127158331721,42201600,208.10378723144532,199.16355010986328,1,0.009100010187192531,0.009100010187192531
2024-09-16,215.56227111816406,216.45911247240775,213.17066883128115,215.78148650258865,59357400,209.0752151489258,199.6398791503906,1,0.0015277686304648874,0.0015277686304648874
2024-06-17,215.6614227294922,217.9308083607288,211.72981259041407,212.37678083551464,93728300,210.03224334716796,200.11759552001953,1,0.0004599673719052344,0.0004599673719052344
2024-07-01,215.7410430908203,216.4974998735104,210.933524598722,211.10273143743845,60402900,210.9858070373535,200.59622589111328,1,0.00036919148691705317,0.00036919148691705317
2024-09-17,216.03060913085938,216.1402244248995,213.74863736172932,214.99425879157621,45519300,211.47805099487306,201.07656066894532,1,0.0013421926393355488,0.0013421926393355488
2024-07-25,216.4776153564453,219.8219755631398,213.62096453779796,217.91089956980477,51391200,211.98866424560546,201.5651696777344,1,0.0020691800452923292,0.0020691800452923292
2024-08-12,216.76803588867188,218.7410960979999,214.8448035806853,215.31315848368175,38028100,212.50085830688477,202.05919097900392,1,0.001341573038618149,0.001341573038618149
2024-07-26,216.94541931152344,218.46829606182757,215.0044842643322,217.6819649471348,41601300,212.98957290649415,202.55464508056642,1,0.0008183098680778489,0.0008183098680778489
2024-07-29,217.22412109375,218.27918447457574,214.74570631572197,215.95008057489312,36311800,213.44593887329103,203.0552764892578,1,0.0012846631337550818,0.0012846631337550818
2024-08-01,217.3435516357422,223.43505864730554,216.0097928775357,223.3255700813178,62501000,213.89832305908203,203.55772705078124,1,0.000549803315538,0.000549803315538
2024-07-24,217.522705078125,223.75357494115906,216.1192800710717,222.9572958470105,61777600,214.33926010131836,204.05857208251953,1,0.0008242868998620256,0.0008242868998620256
2024-07-30,217.78150939941406,219.30438617677734,215.11397665237357,218.16969337819762,41643800,214.78616943359376,204.5627639770508,1,0.0011897807228726798,0.0011897807228726798
2024-08-02,218.83656311035156,224.54984915998065,216.69657732981517,218.1298614428512,105568600,215.24601974487305,205.08432678222655,1,0.004844551375583039,0.004844551375583039
2024-07-02,219.24465942382812,219.35414798734178,214.09872731420612,215.1438274713018,58046200,215.63320922851562,205.61206634521486,1,0.0018648451962333112,0.0018648451962333112
2024-09-10,219.33900451660156,220.7042008473601,215.97083903478983,218.1531703875452,51591000,215.99624938964843,206.13712615966796,1,0.00043031877274168906,0.00043031877274168906
2024-09-18,219.91696166992188,221.9298901997397,216.777986478492,216.7879611815548,59894900,216.37923049926758,206.6729293823242,1,0.0026349948774231358,0.0026349948774231358
2024-09-06,220.04652404785156,224.45103994819866,219.000198922793,223.16555001573386,48423000,216.7657043457031,207.2105404663086,1,0.0005891422696360227,0.0005891422696360227
2024-09-04,220.07640075683594,221.00313580397116,216.71819503548093,220.88356101217042,43840200,217.1143539428711,207.74677459716796,1,0.00013577451002078078,0.00013577451002078078
2024-09-09,220.1361846923828,220.4949242674857,215.95089978640883,220.04650359994196,67180000,217.45902633666992,208.2836083984375,1,0.0002716508237197157,0.0002716508237197157
2024-08-13,220.49493408203125,221.11275746457662,218.2428407360094,218.2428407360094,44155300,217.81914901733398,208.82523498535156,1,0.0016296702432168075,0.0016296702432168075
2024-07-03,220.51870727539062,220.51870727539062,218.01043340115498,218.97591935149836,37369800,218.08341217041016,209.36670288085938,1,0.00010781741294119129,0.00010781741294119129
2024-10-07,220.91346740722656,224.8994562199718,220.55472780586587,223.7136221153256,39505400,218.3509719848633,209.9134780883789,1,0.0017901435062510629,0.0017901435062510629
2024-08-14,220.943359375,222.24876826808693,218.93043078284688,219.7973936824548,41960600,218.61506881713868,210.45892700195313,1,0.00013531075368233836,0.00013531075368233836
2024-07-31,221.04623413085938,222.77814001369308,219.60298682237814,220.40921389598267,50036300,218.8803283691406,211.00463043212892,1,0.00046561596669114635,0.00046561596669114635
2024-11-04,221.23233032226562,222.0095968952219,218.94039900502227,220.21591416091667,44944500,219.14041442871093,211.55150207519532,1,0.0008418880879739188,0.0008418880879739188
2024-09-05,221.6010284423828,224.690160307972,220.7440403340526,220.85365562251366,36615400,219.3965850830078,212.0977783203125,1,0.0016665652781404638,0.0016665652781404638
2024-09-13,221.7206268310547,223.25522582753553,221.13269713278441,222.7968456308755,36766600,219.64421463012695,212.64287261962892,1,0.0005397014152530577,0.0005397014152530577
2024-09-11,221.8800506591797,222.3085371188772,217.12675517633116,220.6842571655674,44587100,219.89094619750978,213.1904217529297,1,0.0007190302066324428,0.0007190302066324428
2024-11-06,221.93984985351562,225.27812143912794,220.41521040716108,221.83023455712816,54561100,220.12673263549806,213.7300540161133,1,0.00026951136056752034,0.00026951136056752034
2024-09-03,221.9896697998047,228.19784265919515,220.39526831044307,227.7494219919808,50190600,220.35903854370116,214.25968200683593,1,0.00022447499321076592,0.00022447499321076592
2024-09-12,221.9896697998047,222.7669363444001,219.05000630879996,221.72061131734026,37455600,220.58238677978517,214.78000549316405,1,0.0,0.0
2024-11-01,222.12918090820312,224.56063636026596,219.4984290694042,220.1959740256502,65276700,220.7997703552246,215.29991485595704,1,0.0006284576598734049,0.0006284576598734049
2024-11-05,222.66729736328125,223.1655459656629,220.36539125313263,221.02308305755813,28111300,220.9913070678711,215.8228436279297,1,0.0024225383305245263,0.0024225383305245263
2024-07-22,222.91748046875,226.71969060050867,222.051519961604,225.9532706718539,48201800,221.1749481201172,216.3477978515625,1,0.0011235736384789252,0.0011235736384789252
2024-07-18,223.13645935058594,229.3673294560276,221.23536173419896,229.20807059344992,66034600,221.3648208618164,216.68681243896484,1,0.0009823315846539948,0.0009823315846539948
2024-07-19,223.26583862304688,225.74425318618754,222.24063446922685,223.773474302542,49151500,221.53226470947266,217.02682220458985,1,0.0005798213023433529,0.0005798213023433529
2024-11-11,223.69039916992188,225.15686291743452,220.96697301971395,224.4585504714927,42005600,221.71445846557617,217.37014709472658,1,0.0019015920639422479,0.0019015920639422479
2024-11-12,223.69039916992188,225.04712701721013,222.82249764582772,224.00963641496367,40398300,221.89515838623046,217.70053253173828,1,0.0,0.0
2024-08-22,223.74351501464844,227.5401669123529,223.11571691317775,226.9920904114928,43695300,222.07552490234374,218.013466796875,1,0.00023745250097317872,0.00023745250097317872
2024-08-15,223.93284606933594,224.56064415441705,221.97970491871703,223.81327127421198,46414000,222.24742050170897,218.32620635986328,1,0.0008461968369233297,0.0008461968369233297
2024-07-23,223.9626007080078,225.88362469345716,221.6434447483752,223.32558043665784,39960300,222.41961517333985,218.63137908935548,1,0.00013287304294196112,0.00013287304294196112
2024-11-15,224.4585418701172,226.3739196007606,223.73030286311794,225.8551667084814,47923700,222.59686889648438,218.9436834716797,1,0.0022143927626379067,0.0022143927626379067
2024-11-13,224.57826232910156,226.10457929193407,222.2239408664857,223.47093284409854,48566200,222.77861404418945,219.2424575805664,1,0.000533374484156024,0.000533374484156024
2024-10-03,224.8795166015625,226.01552277761738,222.53775735368686,224.35137431302277,34044200,222.97027816772462,219.51003051757812,1,0.0013414222255379027,0.0013414222255379027
2024-10-08,224.9791717529297,225.1884276449642,222.46799461113406,223.51431968732726,31855700,223.15762023925782,219.7680499267578,1,0.0004431490821092954,0.0004431490821092954
2024-08-19,225.0987548828125,225.19841068626937,222.25873174304007,224.92935218120843,40687800,223.3325065612793,220.02487823486328,1,0.0005315297809618258,0.0005315297809618258
2024-10-31,225.11868286132812,229.02495000446748,224.5805658660821,228.53666090957242,64370100,223.50240936279297,220.28091094970702,1,8.852993667596287e-05,8.852993667596287e-05
2024-08-16,225.25819396972656,226.03546056539557,222.86659157853387,223.1356500786779,44340200,223.67131652832032,220.52400665283204,1,0.0006197224798281109,0.0006197224798281109
2024-07-05,225.28640747070312,225.39589603978789,220.61823649717394,220.61823649717394,60412400,223.8386444091797,220.76488006591796,1,0.00012524961014448444,0.00012524961014448444
2024-10-01,225.41763305664062,228.84557057238277,222.9562838134916,228.71603627902877,63285000,224.0100425720215,221.00738311767577,1,0.0005824833704384247,0.0005824833704384247
2024-09-25,225.5770721435547,226.49384776666977,223.23531278607823,224.14211370551686,42308700,224.18941268920898,221.21425567626954,1,0.0007073053015067554,0.0007073053015067554
2024-08-21,225.60694885253906,227.18141617539888,224.2616868222014,225.72653885026273,34765500,224.3633010864258,221.41514923095704,1,0.00013244568120551747,0.00013244568120551747
2024-09-23,225.6767120361328,228.64626930220686,225.01902026418153,226.54365969576136,54146000,224.51377182006837,221.61545501708986,1,0.0003092244452069792,0.0003092244452069792
2024-08-28,225.69664001464844,229.05483047059747,224.8894645684117,227.1216236092518,38052200,224.6527297973633,221.81456695556642,1,8.830321186370504e-05,8.830321186370504e-05
2024-08-20,225.71658325195312,226.3742750764108,224.6602986155859,224.9791850293864,30299000,224.78173599243163,222.0082864379883,1,8.836302261028273e-05,8.836302261028273e-05
2024-10-02,225.9856414794922,226.5735711981907,222.23881735408233,225.09875954956593,32880600,224.9177261352539,222.19844696044922,1,0.0011920179884998827,0.0011920179884998827
2024-10-04,226.0055694580078,227.20136306464835,223.3449237414969,227.1017072618697,37245100,225.0334846496582,222.38319763183594,1,8.818249860986782e-05,8.818249860986782e-05
2024-08-23,226.04542541503906,227.42059644239848,223.5442228703079,224.86956599566977,38677300,225.15123596191407,222.56519775390626,1,0.0001763494462849735,0.0001763494462849735
2024-08-26,226.38421630859375,226.48387210620078,223.10574735994538,225.96568932825608,30602200,225.28327102661132,222.7483996582031,1,0.0014987735006477543,0.0014987735006477543
2024-11-08,226.41383361816406,228.10973956989392,225.8651541338214,226.6233197345054,38328800,225.40732040405274,222.92980529785157,1,0.0001308276259417429,0.0001308276259417429
2024-07-11,226.5106964111328,231.30825199534104,224.7190721562944,230.31290687462652,64710600,225.53472518920898,223.10956512451173,1,0.00042781305108818835,0.00042781305108818835
2024-09-24,226.5735626220703,228.5466380182851,224.93930782860403,227.8490778167103,43556100,225.64047622680664,223.28540618896486,1,0.00027754190832296466,0.00027754190832296466
2024-11-07,226.6831817626953,227.081789771112,223.7833864288354,223.8431738287627,42137700,225.74572219848633,223.4423385620117,1,0.00048381258323515475,0.00048381258323515475
2024-09-26,226.72303771972656,227.69960067739044,224.62042810744603,226.50380712846774,36636700,225.83789825439453,223.5919061279297,1,0.0001758222940111409,0.0001758222940111409
2024-10-11,226.75294494628906,228.60643037956845,226.54367384020586,228.4968150773993,31759200,225.9265869140625,223.74018493652343,1,0.00013191084092412098,0.00013191084092412098
2024-07-08,226.759521484375,226.78938062149984,222.21078721739227,226.03290864697604,59085900,226.00962524414064,223.8770361328125,1,2.9003098890312273e-05,2.9003098890312273e-05
2024-09-27,226.99208068847656,228.71603171782343,226.50380681299467,227.6597471643239,34026000,226.10329513549806,224.015947265625,1,0.001025576357628566,0.001025576357628566
2024-08-27,227.2312469482422,228.04838192077386,224.1022464634546,225.20835892301574,35934600,226.20194778442382,224.1590441894531,1,0.0010536326159054088,0.0010536326159054088
2024-09-20,227.40065002441406,232.27352055331795,226.82267984404155,229.1644542640561,318679900,226.3076599121094,224.30433349609376,1,0.00074550960066877,0.00074550960066877
2024-11-18,227.47128295898438,229.18714506333228,224.62813528483125,224.70794459457642,44633700,226.41034240722655,224.4438604736328,1,0.00031061008208510543,0.00031061008208510543
2024-07-09,227.61550903320312,228.33215871662,225.3162642938077,226.8690002119573,48076100,226.51226425170898,224.58579650878906,1,0.0006340407999754216,0.0006340407999754216
2024-11-14,227.67080688476562,228.3192366196321,224.45855435577516,224.47851048945301,44923900,226.6154571533203,224.72094329833985,1,0.00024294412888381522,0.00024294412888381522
2024-11-19,227.73065185546875,229.60613257977118,226.11455519341968,226.43377721041003,36211800,226.7181541442871,224.85668914794923,1,0.00026285746302745494,0.00026285746302745494
2024-07-17,227.8145751953125,230.38256719376508,225.5849968618027,228.38191396445072,57345900,226.8240509033203,224.9920559692383,1,0.00036852017574262597,0.00036852017574262597
2024-11-21,227.97007751464844,229.60613029336434,225.16684213362325,228.3292117939797,42108300,226.93672561645508,225.12681091308593,1,0.0006825828382692745,0.0006825828382692745
2024-09-19,228.0683135986328,229.01499812075548,223.84317512238368,224.20191472936153,66781300,227.0408592224121,225.25615661621094,1,0.0004309165705225215,0.0004309165705225215
2024-08-30,228.19786071777344,229.59295072736154,226.68318070354871,229.38369482859366,52990800,227.15047378540038,225.38570129394532,1,0.0005680189286119131,0.0005680189286119131
2024-10-10,228.2377166748047,228.6961120865482,226.37427173832708,226.98213565099735,28183500,227.26008834838868,225.5128546142578,1,0.00017465526147297794,0.00017465526147297794
2024-11-20,228.44891357421875,229.37666823104936,225.34639715216647,227.51117324017346,35169600,227.36332321166992,225.64303588867188,1,0.0009253374178948004,0.0009253374178948004
2024-10-09,228.7359619140625,228.94523301761674,224.0424685900414,224.44106139019914,33591100,227.47942962646485,225.77796173095703,1,0.0012565099800769808,0.0012565099800769808
2024-08-29,228.98509216308594,232.10413336375854,228.07829123837303,229.29401907737392,51906300,227.6031494140625,225.91787017822264,1,0.001089160825165969,0.001089160825165969
2024-10-30,229.2939910888672,232.6521814837961,228.74591463730954,231.7951933609985,47070900,227.73917083740236,226.06116638183593,1,0.0013489914250017776,0.0013489914250017776
2024-11-22,229.3168182373047,230.16477882059493,227.51117639639193,227.51117639639193,38168300,227.8708526611328,226.1941567993164,1,9.955406301354053e-05,9.955406301354053e-05
2024-07-12,229.4668426513672,231.55707334519846,227.61550023869842,227.85438851986095,53046500,228.00804290771484,226.32514404296876,1,0.0006542233370221417,0.0006542233370221417
2024-10-24,229.7623748779297,230.01149918679397,227.60993720006027,229.17442995295067,31109500,228.15851440429688,226.45766235351562,1,0.0012879081925205593,0.0012879081925205593
2024-10-23,229.95169067382812,234.31635331873264,226.96219904424217,233.26006870913344,52287000,228.31812286376953,226.59137939453126,1,0.0008239634361326686,0.0008239634361326686
2024-10-14,230.48980712890625,230.91829362955485,227.79926770980506,227.89890830734765,39882100,228.493009185791,226.72736755371093,1,0.0023401282830375347,0.0023401282830375347
2024-10-25,230.5994110107422,232.40306843409212,228.76585988907573,228.935262581316,38802300,228.66141738891602,226.86554779052733,1,0.00047552593844057967,0.00047552593844057967
2024-10-16,230.96810913085938,231.3069145139278,229.0349022193022,230.78874694170784,34082200,228.83979034423828,227.01003967285158,1,0.001598868438133172,0.001598868438133172
2024-10-17,231.33682250976562,233.0308799404877,229.71254238803704,232.6123377292532,32993800,229.03306732177734,227.15811920166016,1,0.0015963822031264119,0.0015963822031264119
2024-07-10,231.89549255371094,231.9950331368443,228.1828596567971,228.23262994836378,62627700,229.24706649780273,227.31677703857423,1,0.0024149637653199107,0.0024149637653199107
2024-09-30,232.18385314941406,232.18385314941406,228.84558136748996,229.23421467656505,54541900,229.47271881103515,227.47128326416015,1,0.0012434937502561194,0.0012434937502561194
2024-11-25,232.30960083007812,232.68869124314412,229.1871434272115,230.9030055193102,90152800,229.70166625976563,227.6259100341797,1,0.0005415866734848063,0.0005415866734848063
2024-10-28,232.5824432373047,233.9077863541258,231.73542973016842,232.50273684103132,36087100,229.94005966186523,227.77996856689452,1,0.00117447753451283,0.00117447753451283
2024-10-29,232.85150146484375,233.50919327337175,231.50623935322642,232.28350596136286,35417200,230.184130859375,227.9374151611328,1,0.0011568294828880887,0.0011568294828880887
2024-10-15,233.03086853027344,236.65811760908664,231.5560417756155,232.79170373632726,64751400,230.43225860595703,228.09605743408204,1,0.0007703066731428176,0.0007703066731428176
2024-07-15,233.3088836669922,236.12571210202407,232.00498402552307,235.37920328245679,62631300,230.68780975341798,228.2598614501953,1,0.0011930399542008363,0.0011930399542008363
2024-07-16,233.72694396972656,235.17019132901206,231.2485291999769,233.90609879782943,43234300,230.96227111816407,228.4292364501953,1,0.001791874772034241,0.001791874772034241
2024-10-18,234.1768341064453,235.35269346424636,233.19029643777657,235.35269346424636,46431500,231.2486671447754,228.60704498291017,1,0.0019248535452420779,0.0019248535452420779
2024-11-27,234.36465454101562,235.12283541072824,233.24735459247512,233.90577001446655,33498400,231.53010177612305,228.78598541259765,1,0.0008020453230865865,0.0008020453230865865
2024-11-26,234.49432373046875,235.00310615337486,232.76849125195545,232.76849125195545,45986200,231.8055633544922,228.96433044433593,1,0.0005532796304419385,0.0005532796304419385
2024-10-22,235.03382873535156,235.3925683333293,231.7852533575211,233.07072804715946,38846600,232.0925552368164,229.15286804199218,1,0.002300716692413163,0.002300716692413163
2024-10-21,235.6516571044922,236.02037141360947,233.62876897482323,233.62876897482323,36254500,232.40929718017577,229.35236694335939,1,0.0026286784862630252,0.0026286784862630252
2024-11-29,236.75888061523438,237.2377212602243,233.40696565616557,234.24494059041535,28481400,232.77389907836914,229.5736117553711,1,0.004698560257741846,0.004698560257741846
2024-12-02,239.013427734375,240.21053691361496,236.58928278806928,236.69901868412032,48137100,233.2364517211914,229.83954864501953,1,0.00952254510277295,0.00952254510277295
2024-12-03,242.06607055664062,242.1758064568113,238.32509471728144,239.232908507596,38861000,233.84217071533203,230.1611572265625,1,0.01277184654938357,0.01277184654938357
2024-12-06,242.25559997558594,244.04130085085734,241.49743440151175,242.32543882662802,36870600,234.43046035766602,230.48615783691406,1,0.0007829656527635898,0.0007829656527635898
2024-12-04,242.42520141601562,243.5225604021956,240.66944226019712,242.28553892887177,44383900,235.0217498779297,230.8137533569336,1,0.0007000929615117446,0.0007000929615117446
2024-12-05,242.4551239013672,243.95151419061432,241.54732536132988,243.40284992887905,40033900,235.5961006164551,231.13517150878906,1,0.00012342976380663728,0.00012342976380663728
2024-12-11,245.89682006835938,250.196445491468,245.6673626102133,247.36328368802742,45205800,236.32410049438477,231.52483123779297,1,0.014195188419248606,0.014195188419248606
2024-12-09,246.1562042236328,246.64503053466012,241.16823655952678,241.24804586880077,44649200,237.03713607788086,231.91774139404296,1,0.001054849571463956,0.001054849571463956
2024-12-10,247.1737518310547,247.612695417372,244.7495916510093,246.2958646584201,36914800,237.7866310119629,232.32974517822265,1,0.004133747555261413,0.004133747555261413
2024-12-12,247.36329650878906,248.1414182384854,245.08876927344312,246.2958641332418,32777500,238.53931579589843,232.74334747314452,1,0.0007668479210685142,0.0007668479210685142
2024-12-18,247.4530792236328,253.66808268004456,247.14382766353577,251.55318925842403,56774100,239.28284759521483,233.15794830322267,1,0.00036295891957660587,0.00036295891957660587
2024-12-13,247.5328826904297,248.69007959411312,245.647431564018,247.223631137632,33155300,240.01691665649415,233.57354705810548,1,0.00032249938876183215,0.00032249938876183215
2024-12-19,249.1888885498047,251.3935770141874,246.49538898335234,246.90440599607692,60882300,240.8248176574707,234.02213439941406,1,0.006690043930228207,0.006690043930228207
2024-12-16,250.4358673095703,250.7750606707362,247.05402592958802,247.3932192907539,51694800,241.6811668395996,234.49101013183594,1,0.005004150734900792,0.005004150734900792
2024-12-30,251.5930938720703,252.8899685500744,250.14658624824915,251.62302046123375,35557500,242.5744743347168,234.9782470703125,1,0.004620849940274452,0.004620849940274452
2024-12-17,252.8699951171875,253.21915892963332,249.1789022262073,249.47818331943677,51356400,243.5091323852539,235.48763397216797,1,0.005075263495771809,0.005075263495771809
2024-12-20,253.87759399414062,254.3863612366688,245.09876750312787,247.44310326755718,147495300,244.48477935791016,236.01576019287108,1,0.003984651783166981,0.003984651783166981
2024-12-23,254.6557159423828,255.03479114956258,252.8400883307868,254.15691915529422,40858800,245.49284896850585,236.5565643310547,1,0.003064949277328255,0.003064949277328255
2024-12-27,254.9749298095703,258.0774615569102,252.4510193654514,257.20952960207876,42355300,246.4899040222168,237.1026467895508,1,0.0012535114949461246,0.0012535114949461246
2024-12-24,257.57867431640625,257.58862955018265,254.67565812568793,254.87518901917565,23234700,247.5862548828125,237.69960723876954,1,0.01021176673636326,0.01021176673636326
2024-12-26,258.39666748046875,259.47408555117545,257.0100282923795,257.56867823862046,27237100,248.66814422607422,238.31124908447265,1,0.0031757022052907313,0.0031757022052907313
