Date,SMA_short,SMA_long,Signal,Strategy_Return
2023-03-17,150.52907485961913,142.87754653930665,1,0.0
2023-02-15,150.76906127929686,143.4799932861328,1,0.0021289649580022996
2023-03-16,151.028800201416,144.09172561645508,1,0.003347901116262042
2023-03-20,151.36507263183594,144.70863189697266,1,0.0099453550720765
2023-03-28,151.7112243652344,145.26618225097656,1,0.0015881318969110936
2023-03-22,152.0479949951172,145.8168359375,1,0.001141849657278593
2023-03-27,152.40600051879883,146.36494018554689,1,0.0028514172555971218
2023-03-23,152.77295837402343,146.87302764892578,1,0.004106536654810089
2023-03-21,153.152197265625,147.38645111083986,1,0.002202408056876326
2023-04-12,153.56756134033202,147.89102416992188,1,0.005147964574678143
2023-03-24,153.9477882385254,148.38968475341798,1,0.0009369637356722027
2023-03-29,154.3517158508301,148.8974331665039,1,0.003244727606881881
2023-04-11,154.74329986572266,149.39256072998046,1,0.00018682325222951768
2023-04-10,155.1896942138672,149.87392028808594,1,0.007649194556887284
2023-03-30,155.64201278686522,150.2978985595703,1,0.002036500046247225
2023-04-26,156.13828048706054,150.7347381591797,1,0.008622856216801145
2023-04-05,156.62862243652344,151.15836364746093,1,0.0
2023-04-25,157.11847076416015,151.57291839599608,1,6.123172954630718e-05
2023-04-06,157.63180236816407,151.98611907958986,1,0.005434384218690802
2023-03-31,158.14958801269532,152.39755157470702,1,0.0014574004075316171
2023-04-21,158.6443748474121,152.78887237548827,1,0.0007278271324360208
2023-04-14,159.1322494506836,153.1819369506836,1,0.0011514299902852798
2023-04-17,159.59543228149414,153.5675439453125,1,0.00012101453951340879
2023-04-24,159.9870147705078,153.95112731933594,1,0.0006051865006755364
2023-04-13,160.3776107788086,154.32345184326172,1,0.0013911244651749755
2023-04-04,160.7627746582031,154.6833331298828,1,0.00042284217506805
2023-05-04,161.13361663818358,155.0363003540039,1,0.0009660345931055137
2024-04-19,161.4768424987793,155.37999908447264,1,0.0005472267801156505
2023-04-03,161.81706924438475,155.72901611328126,1,0.0017439833552230777
2023-04-18,162.13161926269532,156.07586029052734,1,0.0018052889499040603
2023-04-20,162.44765014648436,156.41658203125,1,0.001081258577559252
2024-04-22,162.74171752929686,156.73765411376954,1,0.00045113488794079615
2023-10-26,163.06498336791992,157.06862823486327,1,0.0037267177444308963
2023-05-03,163.33262252807617,157.40164459228515,1,0.0006183980149221391
2023-04-19,163.59285736083984,157.7372311401367,1,0.0010751150360170936
2024-04-23,163.79190216064453,158.0686865234375,1,0.0009594857377652755
2024-04-18,163.99789733886718,158.40252685546875,1,0.0008388603580193887
2023-04-27,164.22701873779297,158.73655822753906,1,0.002848538634633524
2023-05-02,164.4186134338379,159.07115661621094,1,0.000772107045816206
2024-04-10,164.60505142211915,159.40668640136718,1,0.0008042382521673552
2023-10-27,164.78579025268556,159.72528930664063,1,2.7296296350565186e-05
2024-04-17,164.96784057617188,160.0473797607422,1,0.0012838984642129514
2024-04-08,165.1712432861328,160.37287536621093,1,0.00267857788106296
2023-05-01,165.3816032409668,160.7007583618164,1,0.0014224290354707403
2023-04-28,165.585050201416,161.0262710571289,1,0.0005306830943681007
2024-04-04,165.78706893920898,161.34252197265624,1,0.00024211809535468198
2024-04-02,165.98218002319337,161.6567999267578,1,0.00011852630833431022
2024-03-07,166.18075408935547,161.97385955810546,1,0.0009476429758956684
2024-04-24,166.36603546142578,162.28313049316407,1,0.00011830912346133537
2024-03-06,166.54146728515624,162.59142852783202,1,0.0005915665666507142
2024-05-01,166.71694717407226,162.89173095703126,1,0.0010643902001949979
2024-04-26,166.8887145996094,163.18551544189452,1,0.0
2024-04-16,167.03377227783204,163.47061706542968,1,0.0004725794961137897
2024-04-05,167.18364791870118,163.72907470703126,1,0.0011807092094593408
2024-04-03,167.32810897827147,163.98398498535155,1,0.0004128016544691082
2024-04-09,167.4656204223633,164.23573669433594,1,0.00011785583902756969
2024-03-26,167.59816818237306,164.47939392089845,1,0.00023586505728911966
2023-10-30,167.71400604248046,164.71297729492187,1,0.0008203524191974232
2024-04-25,167.82544708251953,164.94045654296875,1,0.0002400497870316265
2023-09-27,167.93510208129882,165.1537026977539,1,0.0005818430765964777
2024-04-01,168.04657287597655,165.3648031616211,1,0.00024211282222452724
2024-03-05,168.15181655883788,165.5674200439453,1,0.0005292111445811543
2023-09-28,168.24108505249023,165.77198944091796,1,0.0007536027850238991
2023-10-31,168.3224189758301,165.95384826660157,1,0.00046859340914484626
2024-04-30,168.39940948486327,166.1292297363281,1,1.1910105769841195e-05
2023-10-25,168.49061126708983,166.28345428466798,1,0.0019205719092492135
2024-03-08,168.5844367980957,166.4391256713867,1,0.00042694622323691256
2023-09-29,168.67214889526366,166.59533081054687,1,0.00021585743831420423
2024-03-25,168.76299667358398,166.73560821533204,1,0.0004869693622384652
2023-05-09,168.8492790222168,166.87130493164062,1,4.6955143355731366e-05
2023-05-23,168.92797317504883,167.00517028808594,1,0.0001589383958555679
2024-03-13,169.01882095336913,167.14014404296876,1,0.001432646460445941
2023-05-24,169.1073875427246,167.27539916992188,1,0.00019900833500074988
2024-03-21,169.19625015258788,167.4127688598633,1,0.0012032401017540995
2023-05-15,169.28278656005858,167.54605529785155,1,0.00013505722309981039
2023-05-16,169.3683303833008,167.677958984375,1,0.0
2024-03-28,169.45619888305663,167.80842681884766,1,0.0005067100297830862
2023-09-26,169.53888854980468,167.93779571533204,1,0.00020353135413508916
2023-05-12,169.63823623657225,168.06892333984376,1,0.0021941250994488293
2023-10-03,169.73578033447265,168.19536712646484,1,0.000363709710298199
2023-05-17,169.8341094970703,168.31938690185547,1,0.00033131310097989086
2024-03-22,169.94134063720702,168.44726928710938,1,0.0015655993078949049
2023-05-25,170.0436752319336,168.56346618652344,1,0.00017163182796275933
2023-10-20,170.14815292358398,168.68006042480468,1,0.0007135233909913996
2023-10-23,170.2584716796875,168.79547546386718,1,0.0006941197504519714
2023-05-08,170.3538719177246,168.9082421875,1,0.0001542605938820163
2024-03-15,170.44769821166992,169.0190460205078,1,0.00023847930350506807
2023-05-10,170.54061431884764,169.12076904296876,1,0.0001072811971050136
2023-05-05,170.6298957824707,169.22012115478515,1,5.759625629675469e-05
2024-04-15,170.72084045410156,169.3176205444336,1,0.00024051950789449883
2024-03-11,170.81341629028321,169.416220703125,1,0.000347521402601636
2023-05-11,170.89768600463867,169.51208221435547,1,0.0004486406136030574
2023-10-24,170.98838424682617,169.60225555419922,1,0.0009463201201245219
2024-03-14,171.0693031311035,169.68784881591796,1,5.179318121006915e-05
2024-05-02,171.15056228637695,169.77226013183594,1,0.0001734048948329736
2023-10-04,171.24078063964845,169.85944366455078,1,0.0010430023759990803
2024-03-12,171.3276565551758,169.94661743164062,1,0.00011268269458208913
2023-10-02,171.41628799438476,170.03200927734375,1,0.0004056119950432979
2024-03-27,171.48672103881836,170.11719757080078,1,5.622347786027326e-05
2023-09-21,171.5624786376953,170.20377166748048,1,0.0009795991189904818
2024-04-29,171.63641128540038,170.28717254638673,1,0.00011649426843773902
2023-05-22,171.6977096557617,170.37086730957031,1,8.530107470505754e-05
2023-11-01,171.75778427124024,170.45307098388673,1,2.834269542750789e-05
2023-08-17,171.81324005126953,170.53189727783203,1,0.00017235413158811497
2024-03-18,171.8712127685547,170.61271697998046,1,0.000981788778952053
2023-09-13,171.92980270385743,170.69391510009766,1,0.0002247928561698309
2023-08-18,172.00021514892578,170.77986480712892,1,0.001607425111758598
2023-09-22,172.08456268310547,170.86899169921875,1,0.0017192880363778862
2023-05-18,172.16960220336915,170.957783203125,1,0.00013698962219876876
2023-10-05,172.2573356628418,171.04651397705078,1,0.0005493818286561591
2023-05-19,172.34277267456054,171.1347006225586,1,7.884273314906487e-05
2023-09-15,172.42863082885742,171.22280792236327,1,0.0004928383410083281
2023-05-26,172.51545104980468,171.312001953125,1,0.001047965162091602
2023-10-19,172.6150276184082,171.4048922729492,1,0.0015217977318591203
2023-09-20,172.7146011352539,171.4983367919922,1,0.00017106614604478487
2024-04-11,172.80542449951173,171.58536895751953,1,2.4057549873779394e-05
2024-03-04,172.89825820922852,171.67214599609375,1,0.0003428557380704689
2023-09-14,172.99679412841797,171.76186737060547,1,0.001057266247920463
2023-08-21,173.09979782104492,171.85191802978517,1,0.0005690196755430144
2023-10-18,173.1943733215332,171.94180938720703,1,0.0
2023-09-25,173.2998291015625,172.0359149169922,1,0.0013648705830868746
2023-09-12,173.41544189453126,172.12951568603515,1,0.0012492510487942532
2023-08-24,173.53477249145507,172.2240249633789,1,0.0004538572755645731
2024-03-19,173.6603904724121,172.3175534057617,1,0.000889918473788498
2023-08-16,173.7791862487793,172.41127685546874,1,0.0001872168345378178
2023-11-03,173.9000030517578,172.50658416748047,1,0.0004529013962977224
2024-04-12,174.0246894836426,172.6072610473633,1,0.0020276261666525297
2023-05-31,174.13466033935546,172.70730041503907,1,1.584277835675607e-05
2023-05-30,174.24591903686525,172.8008563232422,1,0.00028220589958305453
2023-10-17,174.35683212280273,172.8949346923828,1,0.0005029888677599015
2023-08-22,174.4710235595703,172.9894662475586,1,0.0004515926119728064
2023-08-15,174.59184036254882,173.0830078125,1,0.001241406051669669
2023-10-06,174.7055564880371,173.1767544555664,1,0.00022541455307956149
2023-09-07,174.8095375061035,173.26944610595703,1,0.0003943865674174152
2023-11-02,174.91252746582032,173.3599591064453,1,5.6318726853188394e-05
2023-06-07,175.01581420898438,173.45014587402343,1,5.75303746059852e-05
2023-08-10,175.12353897094727,173.54248229980467,1,0.0008435567517945941
2023-08-11,175.22504348754882,173.63563903808594,1,0.0003375024231164758
2023-08-09,175.32950439453126,173.73176147460939,1,0.0008982872742635539
2023-09-18,175.4349708557129,173.82746154785156,1,0.0001141225336587226
2023-09-08,175.5389503479004,173.92612854003906,1,0.001179795378616788
2023-10-10,175.64243698120117,174.02741607666016,1,0.001178664528985962
2023-08-07,175.75279693603517,174.1297900390625,1,0.0012266828128366658
2023-08-25,175.8554428100586,174.23200927734376,1,6.55637747026816e-06
2023-10-16,175.96189880371094,174.33581146240235,1,0.000615864103749475
2023-10-13,176.0708335876465,174.43860534667968,1,0.0007275638499999459
2023-06-06,176.16789169311522,174.54335510253907,1,0.0006615595316135092
2023-10-09,176.2658836364746,174.647138671875,1,0.00012104932372514199
2023-09-19,176.36536254882813,174.7523129272461,1,0.00044686414314254463
2024-03-20,176.4635856628418,174.8553775024414,1,0.00035571397189237963
2023-11-06,176.56261672973633,174.95994842529296,1,0.0005376819945173139
2023-06-05,176.65609283447264,175.06636108398436,1,0.0006016119900118522
2023-09-11,176.74868469238282,175.17311462402344,1,0.00012346336652035994
2023-08-14,176.84276275634767,175.28125518798828,1,0.0005576212809104142
2023-08-08,176.9411750793457,175.38794403076173,1,0.000543487220065364
2023-10-11,177.05108871459962,175.4986602783203,1,0.0013505143333181202
2023-06-01,177.1559181213379,175.60476348876952,1,0.00026206016654617414
2024-03-01,177.2715980529785,175.71045318603515,1,0.0015519869802729236
2023-08-28,177.38252639770508,175.81693115234376,1,0.00035388467773445065
2023-06-08,177.49920806884765,175.9242105102539,1,0.0007575429783146514
2023-06-02,177.6242820739746,176.03873229980468,1,0.0021042881696486937
2023-10-12,177.7391571044922,176.15162658691406,1,2.233994368294745e-05
2023-06-09,177.84349212646484,176.26100646972657,1,3.299757659669389e-05
2023-08-23,177.96777572631837,176.3731085205078,1,0.0022358317813473416
2024-02-29,178.09151763916014,176.48657806396486,1,0.0005469281168521967
2024-01-05,178.2187057495117,176.60391784667968,1,0.0011015908022098397
2024-02-26,178.35050506591796,176.72425384521483,1,0.0011655214581052231
2023-08-04,178.48689804077148,176.8431802368164,1,0.0006300554163727323
2023-11-07,178.62306518554686,176.96161987304689,1,0.0004149965422606261
2024-02-28,178.75958404541015,177.08146179199218,1,0.0003894010376457313
2024-02-20,178.8982841491699,177.19933044433594,1,0.000771722004894837
2024-01-04,179.03751220703126,177.31518920898438,1,0.0006509293010366068
2024-05-06,179.1772232055664,177.43009490966796,1,0.00017510366009787504
2023-11-09,179.32329330444335,177.54641632080077,1,0.0012539286762729418
2024-02-16,179.48300857543944,177.66947296142578,1,0.002045450993857667
2024-02-21,179.63121337890624,177.79114440917968,1,5.487798709902236e-05
2024-05-07,179.78105621337892,177.90731018066407,1,0.00043874692529444204
2023-11-08,179.91790313720702,178.02375030517578,1,9.108115777722858e-05
2023-09-06,180.05258331298828,178.13959686279296,1,0.00010927058556320368
2024-01-17,180.1810333251953,178.25389099121094,1,5.83779816785146e-05
2024-02-23,180.29430923461913,178.36804656982423,1,0.0003991035080592731
2023-06-13,180.41080703735352,178.47921325683595,1,0.0003776414376646109
2024-02-27,180.52904815673827,178.59040313720703,1,0.00022490011219744588
2024-05-08,180.63274383544922,178.7023910522461,1,0.0006023476917831339
2023-06-12,180.74777069091797,178.8206753540039,1,0.0017897240355035926
2023-06-14,180.8608253479004,178.9419223022461,1,0.0008706389663950542
2023-06-21,180.96390533447266,179.060400390625,1,5.443575038133197e-05
2024-05-10,181.06438980102538,179.17891876220702,1,0.0003375839273482839
2024-05-03,181.1651969909668,179.2958969116211,1,0.0004458796212218896
2024-01-16,181.2632911682129,179.41278991699218,1,8.707454989420604e-05
2023-08-29,181.36671981811523,179.5304382324219,1,0.0013493285159069668
2024-02-15,181.47503280639648,179.6482275390625,1,0.001179301632837415
2024-01-03,181.58947067260743,179.76476440429687,1,0.0008440647611154262
2024-02-14,181.69928894042968,179.8839547729492,1,0.0007325260875248318
2024-01-31,181.79137725830077,180.0012643432617,1,8.145275664994678e-05
2023-06-16,181.88434143066405,180.11654754638673,1,0.0001501245641672977
2023-06-20,181.97778396606446,180.23126708984375,1,0.00048660091157581853
2024-02-22,182.07475814819335,180.34730010986328,1,0.00047618995993081725
2023-06-26,182.1792434692383,180.46514923095702,1,0.0009287536271362917
2023-11-13,182.28435363769532,180.58219818115234,1,0.00012591747159040878
2024-05-09,182.38612365722656,180.6974493408203,1,2.9976575804058214e-05
2024-01-09,182.50105514526368,180.81719818115235,1,0.0018098647788873379
2024-02-13,182.6206962585449,180.93920776367187,1,0.0007351552050194332
2023-06-15,182.74670867919923,181.06396942138673,1,0.0012880889026352094
2024-01-08,182.85872802734374,181.18769653320314,1,0.00024386547683530324
2024-01-11,182.96432037353514,181.30721496582032,1,0.000161459293475108
2024-01-02,183.07189865112304,181.42679260253905,1,0.0002696357777822733
2024-02-02,183.18681869506835,181.54500701904297,1,0.0011313029231017069
2024-01-12,183.30115127563477,181.66334686279296,1,0.0003765644439372995
2023-06-23,183.42772903442383,181.78419830322267,1,0.0014143991778954312
2024-01-10,183.54237060546876,181.89767364501952,1,3.777093309320634e-05
2023-11-10,183.65667266845702,182.01523376464843,1,0.0011278784578934165
2023-06-22,183.7683319091797,182.13470031738282,1,0.0005476600000577925
2024-05-13,183.8866165161133,182.2514910888672,1,0.0014401828252483817
2024-02-01,184.00858612060546,182.36809173583984,1,0.0004783544212438873
2024-05-23,184.15457916259766,182.4908969116211,1,0.002741193667263664
2024-02-12,184.29694366455078,182.60984252929688,1,8.836666779732383e-05
2023-08-30,184.43565979003907,182.72680480957033,1,7.620541069908171e-05
2023-11-14,184.56770553588868,182.84300537109374,1,0.00019698582941907183
2023-06-27,184.70451278686522,182.96016967773437,1,0.0006364861825114421
2023-07-11,184.84203338623047,183.07494903564452,1,0.00010624601013420332
2023-08-31,184.96513137817382,183.1882458496094,1,0.00023232180376231426
2024-02-05,185.0843162536621,183.30204498291016,1,0.0003047695282960561
2024-05-14,185.20375289916993,183.41615325927734,1,0.0012986474192344666
2023-11-15,185.32522277832032,183.52458221435546,1,0.00045896068537043533
2024-01-30,185.44669570922852,183.6334078979492,1,0.00015968269713972916
2023-07-10,185.56905136108398,183.7419906616211,1,0.00036080400126636825
2024-02-08,185.69151306152344,183.85445098876954,1,0.0011278318502265794
2024-01-18,185.82587509155275,183.97266357421876,1,0.0016461669338780904
2023-06-28,185.95295639038085,184.09296752929689,1,0.0006155842670496625
2023-06-29,186.09650192260742,184.21855072021484,1,0.0017966187174291992
2024-02-09,186.22992095947265,184.3428793334961,1,3.043655459511463e-05
2023-09-01,186.36421661376954,184.46876770019531,1,0.0006333703063825524
2023-07-12,186.4878723144531,184.59354248046876,1,0.00028537705677433856
2024-02-06,186.60884628295898,184.71252197265625,1,0.00018626740128602215
2023-11-29,186.70789489746093,184.8297247314453,1,0.0003697828929767333
2024-02-07,186.80810775756837,184.94752349853516,1,0.00021143535351875187
2023-12-04,186.90860137939453,185.06448944091798,1,0.00010528912100160603
2023-09-05,187.0082778930664,185.1802377319336,1,0.00010787749405771763
2023-11-17,187.11391906738282,185.30042083740236,1,0.001264743427086712
2023-11-16,187.21956329345704,185.41608642578126,1,0.00010537707836810739
2023-11-27,187.3270118713379,185.52903747558594,1,0.0004215450139830601
2023-11-30,187.43955917358397,185.6420803833008,1,0.0008431401721549214
2023-11-24,187.54101333618163,185.75284301757813,1,0.00010523285137931104
2023-07-13,187.64129943847655,185.8645510864258,1,0.00033000271438177187
2023-07-07,187.74701995849608,185.97847930908202,1,0.0007347709330967067
2023-07-14,187.84987182617186,186.09082580566405,1,5.251445948006861e-05
2024-05-15,187.94406280517578,186.2021728515625,1,0.00019702002160348897
2024-05-16,188.02884826660156,186.31250549316405,1,0.0006324431697068977
2024-05-17,188.10936737060547,186.42297302246095,1,0.00015797043721521575
2023-11-28,188.17455368041993,186.5339227294922,1,0.00015681384022792066
2024-05-24,188.2434425354004,186.63983428955078,1,0.00042244197322660604
2024-05-28,188.30689086914063,186.7432455444336,1,5.267186944091229e-05
2023-11-21,188.37507705688478,186.84488983154296,1,0.0007851087988408612
2023-08-03,188.44255676269532,186.94605346679688,1,0.00011017931784884638
2024-05-29,188.51302261352538,187.0492056274414,1,0.0006830365141652361
2023-07-05,188.58295822143555,187.15194732666015,1,0.00015380616213467313
2023-12-01,188.67270050048828,187.25884216308594,1,0.0021980334870084217
2023-07-06,188.7643699645996,187.36552520751954,1,0.0003101090314066024
2023-11-22,188.84468994140624,187.4672052001953,1,5.590528309751264e-05
2024-05-22,188.928621673584,187.57058685302735,1,0.0004852629042289003
2023-07-21,189.00988311767577,187.67032165527343,1,0.00013643158173248793
2023-11-20,189.0842529296875,187.7684487915039,1,0.00010980560870321732
2024-05-20,189.1622543334961,187.86309814453125,1,0.00048699790347361827
2024-01-19,189.23797912597655,187.9563082885742,1,8.756714451818581e-05
2024-01-29,189.3152099609375,188.04273162841798,1,0.0008874835815939619
2024-05-30,189.39511260986328,188.13009338378907,1,0.0003331533133665854
2023-07-03,189.48077850341798,188.22022033691405,1,0.0008014358289714085
2023-08-02,189.566414642334,188.31198913574218,1,0.0006236236728156541
2023-07-24,189.65896453857422,188.40475372314452,1,0.0008825757624313368
2023-12-06,189.7541603088379,188.49877349853514,1,0.000432894056864086
2024-01-26,189.85032501220704,188.59391174316406,1,0.000519840180149389
2023-12-29,189.95144653320312,188.69009765625,1,0.0005717110281848736
2023-07-20,190.04940643310547,188.78315124511718,1,0.00044558229333491184
2023-07-27,190.15077514648436,188.8762744140625,1,0.0004659953234298353
2024-05-31,190.24820785522462,188.96981048583984,1,0.0002638318898970926
2024-05-21,190.3491569519043,189.06398956298827,1,0.0005201801311307541
2023-12-26,190.43889617919922,189.15779541015624,1,0.0010024777893402614
2023-07-25,190.5283966064453,189.24653381347656,1,0.00028225237555101756
2023-12-27,190.61962280273437,189.3338717651367,1,0.00023563534804349473
2023-12-11,190.70773391723634,189.4150796508789,1,0.0001553536294751634
2023-07-18,190.79624710083007,189.4968521118164,1,0.0001771552844131996
2023-12-05,190.8939208984375,189.58033050537108,1,0.0010650530551405968
2023-06-30,190.98863677978517,189.66340393066406,1,0.00017359405325012567
2023-07-17,191.0835090637207,189.74617340087892,1,0.00010300883640823599
2023-12-28,191.17523345947265,189.82966705322266,1,0.0005505434170531842
2023-12-22,191.26478118896483,189.91276275634766,1,0.00010318002752640609
2024-06-10,191.34813079833984,189.9960321044922,1,0.00014823643942585285
2024-01-22,191.43850021362306,190.08407806396485,1,0.001349427172933293
2023-07-26,191.5250343322754,190.16919982910156,1,0.0004753138011557301
2024-01-25,191.61675567626952,190.25765045166017,1,0.0009683417993500143
2023-12-07,191.70847930908204,190.34649871826173,1,0.0005151251441062321
2024-01-24,191.80615158081054,190.43673461914062,1,0.0011838609947900647
2024-06-03,191.9016082763672,190.5273892211914,1,0.00021131765458126672
2023-07-19,191.99457092285155,190.6175830078125,1,0.00020280943269512797
2023-12-21,192.0899429321289,190.70697967529296,1,0.000511033079229728
2023-12-12,192.18183212280275,190.79677368164062,1,0.00015421174323604347
2023-12-20,192.27008514404298,190.88820434570312,1,0.0006162776812248527
2024-06-04,192.3572204589844,190.97788269042968,1,0.00016396569515420012
2024-06-06,192.4485610961914,191.0695492553711,1,0.0006687850783460014
2023-08-01,192.54322052001953,191.16254638671876,1,0.0004971696840132545
2024-01-23,192.64068374633788,191.2557485961914,1,0.00046529310941845203
2023-07-28,192.73432083129882,191.3513024902344,1,0.0006589440858586482
2023-12-08,192.8461944580078,191.45185089111328,1,0.002055185168756468
2023-12-18,192.96600418090821,191.55555236816406,1,0.0009196931808568287
2023-07-31,193.08236541748047,191.6574041748047,1,0.00018868711552144646
2024-06-05,193.2204933166504,191.7677767944336,1,0.002342671740622748
2023-12-19,193.3846694946289,191.88081970214844,1,0.0028213568730837135
2024-06-07,193.55912551879882,192.00198028564452,1,0.0023795336664087507
2023-12-15,193.7370132446289,192.12612915039062,1,0.0008174601442383356
2023-12-13,193.9249237060547,192.25617126464843,1,0.001973947537577514
2023-12-14,194.11531295776368,192.38867065429687,1,0.0007578165524266822
2024-06-11,194.76955642700196,192.7108560180664,1,0.048385315286065156
2024-08-06,195.42574005126954,193.03278350830078,1,0.0003863003693562739
2024-06-21,196.0928924560547,193.35954833984374,1,0.001254658124731467
2024-06-24,196.7874267578125,193.69586639404298,1,0.003132677841896303
2024-06-25,197.52670364379884,194.04941009521485,1,0.004468146354872804
2024-08-05,198.2699737548828,194.40388244628906,1,0.0009566615858089822
2024-06-20,199.03204040527345,194.76413299560548,1,0.0019590912011113737
2024-08-07,199.79460601806642,195.12380584716797,1,0.0006677588839270054
2024-06-28,200.59213256835938,195.49773529052734,1,0.003812675368145113
2024-06-14,201.47811889648438,195.90686614990236,1,0.008878653951028381
2024-06-12,202.3865608215332,196.3253482055664,1,0.0027295362605215256
2024-06-26,203.28404846191407,196.7457077026367,1,0.0008447021537132393
2024-08-08,204.17559585571288,197.16548065185546,1,0.00028147368422559715
2024-06-27,205.104581451416,197.59995361328126,1,0.0037034564106208645
2024-06-13,206.01777038574218,198.03522216796875,1,0.0006539732909651708
2024-06-18,206.90597229003907,198.46765014648437,1,0.00023325062105850058
2024-08-09,207.86787796020508,198.93777282714845,1,0.009100024422577846
2024-09-16,208.83820571899415,199.41356231689454,1,0.0015277990800131036
2024-06-17,209.79414901733398,199.8907373046875,1,0.00045992243680936795
2024-07-01,210.746630859375,200.36882415771484,1,0.0003691854792238214
2024-09-17,211.23831787109376,200.8486148071289,1,0.0013422289398183906
2024-07-25,211.74835128784179,201.33666931152345,1,0.0020691240599719496
2024-08-12,212.2599639892578,201.8301303100586,1,0.001341543154982583
2024-07-26,212.74812545776368,202.32502319335939,1,0.0008184634184413841
2024-07-29,213.20397491455077,202.8250875854492,1,0.001284642265082514
2024-08-01,213.65584564208984,203.32696838378905,1,0.0005497240022636074
2024-07-24,214.09628372192384,203.82724639892578,1,0.0008243086715473691
2024-07-30,214.54268646240234,204.33086669921875,1,0.0011897264268290186
2024-08-02,215.00201492309571,204.8518389892578,1,0.004844578369959995
2024-07-02,215.38876419067384,205.37898010253906,1,0.0018647976341348294
2024-09-10,215.75139312744142,205.90344482421875,1,0.00043031943205074086
2024-09-18,216.13394088745116,206.4386407470703,1,0.0026350603361608993
2024-09-06,216.5199752807617,206.97564239501952,1,0.00058911624921687
2024-09-04,216.86823120117188,207.51126892089843,1,0.00013578975802275295
2024-09-09,217.2125129699707,208.04749450683593,1,0.0002716814688179525
2024-08-13,217.57222671508788,208.58850677490236,1,0.0016295766743825713
2024-07-03,217.83618927001953,209.1293603515625,1,0.00010780121953946065
2024-10-07,218.10344467163085,209.6755157470703,1,0.0017901663465076378
2024-08-14,218.36724243164062,210.22034606933593,1,0.00013539517550609226
2024-07-31,218.63220138549804,210.76543121337892,1,0.00046559125733836026
2024-11-04,218.8919921875,211.31168334960938,1,0.0008418760276389659
2024-09-05,219.1478729248047,211.85734069824218,1,0.0016665923227654478
2024-09-13,219.39522247314454,212.40181762695312,1,0.0005396934949044585
2024-09-11,219.64167327880858,212.9487463378906,1,0.0007190194492832092
2024-11-06,219.87719192504883,213.4877670288086,1,0.0002695418346483347
2024-09-03,220.10923538208007,214.01679473876953,1,0.000224523252886355
2024-09-12,220.33233108520508,214.53652862548827,1,0.0
2024-11-01,220.54946899414062,215.05584899902342,1,0.0006284138866532452
2024-11-05,220.74078826904298,215.57818481445312,1,0.002422467958777874
2024-07-22,220.92422332763672,216.10254425048828,1,0.0011237511389299293
2024-07-18,221.11388092041017,216.44117462158204,1,0.000982144258297124
2024-07-19,221.28113555908203,216.7807989501953,1,0.0005799316802006516
2024-11-11,221.46312255859374,217.12373443603516,1,0.001901492155788942
2024-11-12,221.64361724853515,217.4537451171875,1,0.0
2024-08-22,221.82377853393555,217.76632446289062,1,0.00023744882847998028
2024-08-15,221.9954803466797,218.0787094116211,1,0.0008462696406927872
2024-07-23,222.16748046875,218.38353637695312,1,0.0001328191837015602
2024-11-15,222.34453430175782,218.69548706054687,1,0.0022144504178236435
2024-11-13,222.52607192993165,218.99392181396485,1,0.0005332311562167291
2024-10-03,222.71751861572267,219.26119110107422,1,0.0013415162970558114
2024-10-08,222.90464782714844,219.51891815185547,1,0.0004431085747793606
2024-08-19,223.0793357849121,219.7754556274414,1,0.0005315898399731456
2024-10-31,223.24904556274413,220.03119750976563,1,8.849468037719355e-05
2024-08-16,223.41776123046876,220.27401824951173,1,0.0006197472383993041
2024-07-05,223.58489837646485,220.51461822509765,1,0.0001251883080359839
2024-10-01,223.7561019897461,220.75684661865233,1,0.0005826020068848692
2024-09-25,223.9352668762207,220.96348419189454,1,0.0007071592298950602
2024-08-21,224.10895843505858,221.16415008544922,1,0.00013259600563664264
2024-09-23,224.25925903320314,221.36422882080078,1,0.0003091690982304218
2024-08-28,224.3980583190918,221.563115234375,1,8.833573644895232e-05
2024-08-20,224.52691726684571,221.75661437988282,1,8.819256545478105e-05
2024-10-02,224.66275177001953,221.9465591430664,1,0.0011920850802504823
2024-10-04,224.77837905883788,222.1311004638672,1,8.821498498834401e-05
2024-08-23,224.89599685668946,222.31289367675782,1,0.0001763468158550996
2024-08-26,225.02788314819335,222.49588775634766,1,0.001498852596203415
2024-11-08,225.15179138183595,222.67708770751952,1,0.00013077366048430683
2024-07-11,225.27905197143554,222.8566436767578,1,0.0004278262915955455
2024-09-24,225.38468322753906,223.03228576660158,1,0.0002775871258382523
2024-11-07,225.48981018066405,223.1890399169922,1,0.0004836874160296656
2024-09-26,225.58188171386718,223.33843811035158,1,0.0001758870689108072
2024-10-11,225.67046966552735,223.48654876708986,1,0.00013185841465213066
2024-07-08,225.75341339111327,223.62324462890626,1,2.9036016382599783e-05
2024-09-27,225.84697723388672,223.76199829101563,1,0.0010255950778981227
2024-08-27,225.94551773071288,223.90493286132812,1,0.0010536170337624995
2024-09-20,226.05111083984374,224.05005737304688,1,0.0007455489751391209
2024-11-18,226.1536766052246,224.18942657470703,1,0.0003106267048276212
2024-07-09,226.25548400878907,224.33120208740235,1,0.0006340216373230678
2024-11-14,226.35855941772462,224.4661959838867,1,0.00024295138958807527
2024-11-19,226.4611389160156,224.60178741455078,1,0.0002627531918206749
2024-07-17,226.56691513061523,224.73700073242188,1,0.00036860304343355743
2024-11-21,226.67946395874023,224.87160308837892,1,0.0006826199005427469
2024-09-19,226.78347930908203,225.00080169677733,1,0.0004308025209687205
2024-08-30,226.8929702758789,225.13019958496093,1,0.0005681277771749649
2024-10-10,227.0024612426758,225.25720886230468,1,0.00017465264607796627
2024-11-20,227.1055793762207,225.3872427368164,1,0.0009253836014877503
2024-10-09,227.2215545654297,225.5220153808594,1,0.00125646479220487
2024-08-29,227.34513397216796,225.66176483154297,1,0.0010891279743401316
2024-10-30,227.4810012817383,225.80489868164062,1,0.0013490547377192907
2024-11-22,227.6125343322754,225.93773834228514,1,9.94671744001252e-05
2024-07-12,227.74956893920898,226.06857635498048,1,0.0006542330631176263
2024-10-24,227.89987030029297,226.20094451904296,1,0.0012879052805780944
2024-10-23,228.05929718017578,226.33450927734376,1,0.0008239012749260421
2024-10-14,228.23398513793944,226.4703433227539,1,0.002340193458738371
2024-10-25,228.40220336914064,226.60836730957033,1,0.0004756016865037349
2024-10-16,228.58037338256835,226.7526953125,1,0.001598761797608761
2024-10-17,228.77343063354493,226.90060668945313,1,0.001596408256691939
2024-07-10,228.98718719482423,227.05908477783203,1,0.0024149971773745893
2024-09-30,229.21258392333985,227.21341583251953,1,0.0012435216094570656
2024-11-25,229.4412727355957,227.3678677368164,1,0.0005415433703144235
2024-10-28,229.67939529418945,227.5217514038086,1,0.0011744295517512882
2024-10-29,229.92318878173828,227.67901947021485,1,0.0011568288269685478
2024-10-15,230.17103652954103,227.83748199462892,1,0.0007703936847529569
2024-07-15,230.42629776000976,228.00110046386717,1,0.0011930172664649241
2024-07-16,230.700447845459,228.17028350830077,1,0.0017918786066573045
2024-10-18,230.98651733398438,228.34789031982422,1,0.0019247504847170749
2024-11-27,231.26763153076172,228.5266271972656,1,0.0008020423736696536
2024-11-26,231.54278182983398,228.70477081298827,1,0.0005534513338594227
2024-10-22,231.82944869995117,228.89309478759765,1,0.0023007218052950584
2024-10-21,232.14583206176758,229.09236755371094,1,0.002628606778611653
2024-11-29,232.5100212097168,229.31336151123048,1,0.004698576962769652
2024-12-02,232.97204971313477,229.5789974975586,1,0.009522512328661525
2024-12-03,233.57708282470702,229.90024169921875,1,0.012771833107112718
2024-12-06,234.16470642089843,230.22487426757812,1,0.000783033862428173
2024-12-04,234.7553253173828,230.55209869384765,1,0.0007000677114672449
2024-12-05,235.32902603149415,230.8731524658203,1,0.00012344381397144666
2024-12-11,236.05620193481445,231.26237091064453,1,0.014195231498519423
2024-12-09,236.76842880249023,231.65483551025392,1,0.0010547420308362199
2024-12-10,237.51707305908204,232.06637176513672,1,0.004133722606175283
2024-12-12,238.26890411376954,232.47950531005858,1,0.0007668530133497775
2024-12-18,239.0115936279297,232.8936361694336,1,0.00036300032427938334
2024-12-13,239.74483184814454,233.3087643432617,1,0.0003225567284685926
2024-12-19,240.55181579589845,233.75684295654298,1,0.0066899219362024365
2024-12-16,241.4071937561035,234.2251870727539,1,0.005004190388754326
2024-12-30,242.29948806762695,234.71187164306642,1,0.0046208484478946765
2024-12-17,243.23308792114258,235.22068115234376,1,0.005075316127245211
2024-12-20,244.2076286315918,235.7482080078125,1,0.003984522242148403
2024-12-23,245.21455307006835,236.2883984375,1,0.0030649380938103654
2024-12-27,246.21047592163086,236.83386138916015,1,0.0012535545472891485
2024-12-24,247.30558395385742,237.43014556884765,1,0.010211853711437513
2024-12-26,248.38624572753906,238.04109375,1,0.003175629272296643
